atom_count_C,atom_count_N,atom_count_O,atom_count_S,atom_count_P,atom_count_F,atom_count_Cl,atom_count_Br,atom_count_I,atom_count_B,motif_count_amide,motif_count_amine,motif_count_hydroxyl,motif_count_carboxyl,motif_count_aromatic_ring,motif_count_halogen,motif_count_sulfonamide,motif_count_hetero5_ring,motif_count_hetero6_ring,num_atoms,num_bonds,tpsa,logp,hbd,hba,rot_bonds,ring_count
19.0,2.0,6.0,0.0,0.0,0.0,0.0,0.0,0.0,0.0,1.0,0.0,2.0,0.0,2.0,0.0,0.0,0.0,3.0,27.0,29.0,126.23,0.8905,3.0,7.0,6.0,3.0
26.0,4.0,4.0,1.0,0.0,0.0,0.0,0.0,0.0,0.0,1.0,1.0,0.0,0.0,3.0,0.0,0.0,0.0,2.0,35.0,37.0,115.48,4.37782,1.0,8.0,10.0,3.0
23.0,2.0,2.0,0.0,0.0,0.0,0.0,0.0,1.0,0.0,0.0,0.0,0.0,0.0,2.0,1.0,0.0,0.0,2.0,28.0,30.0,24.94,4.1013,0.0,4.0,9.0,3.0
24.0,6.0,2.0,0.0,0.0,0.0,0.0,0.0,0.0,0.0,1.0,1.0,0.0,0.0,1.0,0.0,0.0,0.0,3.0,32.0,35.0,103.17,3.20088,2.0,7.0,7.0,4.0
23.0,5.0,3.0,0.0,0.0,0.0,0.0,0.0,0.0,0.0,3.0,0.0,0.0,0.0,1.0,0.0,0.0,1.0,3.0,31.0,34.0,69.22,2.7853,0.0,5.0,3.0,4.0
14.0,4.0,0.0,0.0,0.0,0.0,1.0,0.0,0.0,0.0,0.0,1.0,0.0,0.0,1.0,1.0,0.0,2.0,0.0,19.0,21.0,42.21,2.64482,1.0,4.0,1.0,3.0
27.0,5.0,9.0,3.0,0.0,0.0,0.0,0.0,0.0,0.0,2.0,1.0,0.0,0.0,1.0,0.0,0.0,5.0,1.0,44.0,48.0,197.16,1.82234,2.0,15.0,11.0,5.0
10.0,4.0,3.0,0.0,0.0,0.0,0.0,0.0,0.0,0.0,1.0,0.0,2.0,0.0,1.0,0.0,0.0,1.0,0.0,17.0,18.0,111.51,1.0378,3.0,5.0,1.0,2.0
9.0,6.0,0.0,0.0,0.0,0.0,0.0,0.0,0.0,0.0,0.0,1.0,0.0,0.0,1.0,0.0,0.0,3.0,1.0,15.0,16.0,83.72,0.5149,2.0,5.0,2.0,2.0
15.0,3.0,3.0,1.0,0.0,0.0,0.0,0.0,0.0,0.0,1.0,0.0,0.0,0.0,0.0,0.0,0.0,3.0,0.0,22.0,24.0,64.43,2.4747,0.0,6.0,1.0,3.0
11.0,2.0,4.0,0.0,0.0,0.0,0.0,0.0,3.0,0.0,2.0,0.0,1.0,1.0,0.0,3.0,0.0,0.0,0.0,20.0,20.0,95.5,1.28439,3.0,3.0,3.0,1.0
75.0,19.0,23.0,0.0,0.0,0.0,0.0,0.0,0.0,0.0,0.0,14.0,12.0,11.0,0.0,0.0,0.0,5.0,0.0,117.0,121.0,629.14,-3.7488,26.0,31.0,61.0,5.0
23.0,2.0,3.0,1.0,0.0,0.0,0.0,0.0,0.0,0.0,2.0,0.0,0.0,0.0,3.0,0.0,0.0,2.0,0.0,29.0,32.0,57.69,3.7955,0.0,3.0,6.0,4.0
60.0,24.0,15.0,2.0,0.0,0.0,0.0,0.0,0.0,0.0,0.0,17.0,8.0,7.0,1.0,0.0,0.0,5.0,0.0,101.0,105.0,648.51,-5.50749,31.0,27.0,52.0,5.0
5.0,4.0,1.0,0.0,0.0,0.0,0.0,0.0,0.0,0.0,0.0,0.0,1.0,0.0,1.0,0.0,0.0,2.0,2.0,10.0,11.0,74.69,0.0585,2.0,4.0,0.0,2.0
18.0,0.0,3.0,0.0,0.0,0.0,0.0,0.0,0.0,0.0,0.0,0.0,1.0,0.0,3.0,0.0,0.0,0.0,1.0,21.0,23.0,50.44,4.0405,1.0,3.0,3.0,3.0
16.0,6.0,0.0,0.0,0.0,0.0,1.0,0.0,0.0,0.0,0.0,0.0,0.0,0.0,2.0,1.0,0.0,6.0,0.0,23.0,26.0,61.42,2.8509,0.0,6.0,3.0,4.0
13.0,8.0,4.0,3.0,0.0,0.0,0.0,0.0,0.0,0.0,2.0,0.0,1.0,1.0,0.0,0.0,0.0,7.0,1.0,28.0,31.0,156.09,-0.9445,2.0,12.0,7.0,4.0
21.0,1.0,3.0,0.0,0.0,0.0,0.0,0.0,0.0,0.0,0.0,0.0,1.0,0.0,2.0,0.0,0.0,1.0,0.0,25.0,27.0,46.53,2.7045,1.0,3.0,5.0,3.0
22.0,3.0,1.0,1.0,0.0,0.0,0.0,0.0,0.0,0.0,0.0,1.0,0.0,0.0,2.0,0.0,0.0,2.0,1.0,27.0,30.0,37.39,5.1632,1.0,5.0,8.0,4.0
17.0,1.0,3.0,0.0,0.0,0.0,0.0,0.0,0.0,0.0,0.0,1.0,1.0,0.0,1.0,0.0,0.0,0.0,0.0,21.0,22.0,58.56,2.3334,2.0,4.0,5.0,2.0
16.0,4.0,2.0,0.0,0.0,0.0,0.0,0.0,0.0,0.0,0.0,0.0,0.0,0.0,2.0,0.0,0.0,2.0,4.0,22.0,25.0,50.72,1.5275,0.0,6.0,3.0,4.0
18.0,3.0,3.0,0.0,0.0,0.0,1.0,0.0,0.0,0.0,1.0,1.0,0.0,0.0,1.0,1.0,0.0,1.0,1.0,25.0,27.0,76.82,2.0878,2.0,5.0,6.0,3.0
129.0,38.0,23.0,0.0,0.0,0.0,0.0,0.0,0.0,0.0,0.0,30.0,12.0,11.0,5.0,0.0,0.0,5.0,0.0,190.0,198.0,1052.39,0.30551,48.0,41.0,106.0,9.0
17.0,3.0,2.0,1.0,0.0,3.0,0.0,0.0,0.0,0.0,0.0,1.0,0.0,0.0,2.0,3.0,1.0,2.0,0.0,26.0,28.0,77.98,3.51392,1.0,4.0,3.0,3.0
11.0,3.0,1.0,0.0,0.0,0.0,0.0,0.0,0.0,0.0,0.0,1.0,0.0,0.0,2.0,0.0,0.0,0.0,2.0,15.0,16.0,52.02,0.9491,1.0,3.0,2.0,2.0
154.0,37.0,41.0,1.0,0.0,0.0,0.0,0.0,0.0,0.0,1.0,31.0,22.0,18.0,5.0,0.0,0.0,4.0,0.0,233.0,241.0,1311.31,-2.00293,60.0,54.0,129.0,9.0
21.0,2.0,1.0,0.0,0.0,0.0,0.0,0.0,0.0,0.0,0.0,0.0,1.0,0.0,0.0,0.0,0.0,2.0,0.0,24.0,28.0,48.91,4.1181,2.0,2.0,0.0,5.0
10.0,2.0,2.0,0.0,0.0,0.0,0.0,0.0,0.0,0.0,2.0,0.0,0.0,0.0,0.0,0.0,0.0,1.0,1.0,14.0,15.0,49.41,0.2775,1.0,2.0,1.0,2.0
55.0,13.0,12.0,2.0,0.0,0.0,0.0,0.0,0.0,0.0,0.0,10.0,7.0,5.0,1.0,0.0,0.0,2.0,0.0,82.0,84.0,405.57,1.25127,20.0,20.0,42.0,3.0
30.0,0.0,10.0,0.0,0.0,0.0,0.0,0.0,0.0,0.0,0.0,0.0,0.0,0.0,3.0,0.0,0.0,1.0,1.0,40.0,44.0,107.98,4.7954,0.0,10.0,8.0,5.0
25.0,4.0,4.0,0.0,0.0,0.0,1.0,0.0,0.0,0.0,2.0,0.0,0.0,0.0,3.0,1.0,0.0,3.0,3.0,34.0,39.0,84.86,3.7403,0.0,6.0,3.0,6.0
11.0,3.0,2.0,0.0,0.0,0.0,0.0,0.0,0.0,0.0,0.0,0.0,0.0,0.0,1.0,0.0,0.0,2.0,1.0,16.0,17.0,78.61,0.8914,2.0,3.0,3.0,2.0
11.0,1.0,1.0,0.0,0.0,0.0,0.0,0.0,0.0,0.0,0.0,1.0,0.0,0.0,1.0,0.0,0.0,0.0,2.0,13.0,14.0,21.26,1.736,1.0,2.0,1.0,2.0
24.0,5.0,3.0,0.0,0.0,0.0,1.0,0.0,0.0,0.0,2.0,0.0,0.0,0.0,2.0,1.0,0.0,2.0,1.0,33.0,37.0,91.46,2.87878,0.0,6.0,3.0,5.0
23.0,7.0,5.0,0.0,0.0,0.0,0.0,0.0,0.0,0.0,1.0,2.0,2.0,2.0,3.0,0.0,0.0,0.0,4.0,35.0,37.0,207.3,0.9816,5.0,9.0,10.0,3.0
22.0,1.0,7.0,0.0,0.0,0.0,0.0,0.0,0.0,0.0,0.0,0.0,0.0,0.0,2.0,0.0,0.0,3.0,1.0,30.0,34.0,75.69,2.8818,0.0,8.0,4.0,5.0
40.0,11.0,7.0,0.0,0.0,0.0,0.0,0.0,0.0,0.0,0.0,8.0,4.0,3.0,1.0,0.0,0.0,2.0,0.0,58.0,60.0,313.22,1.04377,14.0,12.0,29.0,3.0
18.0,4.0,2.0,0.0,0.0,0.0,0.0,0.0,0.0,0.0,0.0,2.0,0.0,0.0,2.0,0.0,0.0,0.0,3.0,24.0,26.0,89.6,2.7042,2.0,6.0,4.0,3.0
193.0,48.0,57.0,0.0,0.0,0.0,0.0,0.0,0.0,0.0,4.0,37.0,28.0,25.0,5.0,0.0,0.0,5.0,0.0,298.0,307.0,1744.51,-5.85516,71.0,72.0,163.0,10.0
73.0,26.0,18.0,1.0,0.0,0.0,0.0,0.0,0.0,0.0,0.0,16.0,9.0,9.0,1.0,0.0,0.0,9.0,0.0,118.0,123.0,725.95,-3.53893,30.0,30.0,64.0,6.0
19.0,2.0,4.0,0.0,0.0,1.0,0.0,0.0,0.0,0.0,0.0,0.0,2.0,1.0,2.0,1.0,0.0,0.0,2.0,26.0,29.0,82.77,2.3071,2.0,5.0,2.0,4.0
11.0,4.0,4.0,0.0,0.0,0.0,0.0,0.0,0.0,0.0,0.0,0.0,0.0,0.0,1.0,0.0,0.0,4.0,2.0,19.0,21.0,80.28,-1.1934,0.0,8.0,2.0,3.0
11.0,2.0,4.0,0.0,0.0,0.0,0.0,0.0,2.0,0.0,2.0,0.0,1.0,1.0,1.0,2.0,0.0,0.0,0.0,19.0,19.0,95.5,2.5108,3.0,3.0,3.0,1.0
10.0,3.0,0.0,0.0,0.0,3.0,1.0,0.0,0.0,0.0,0.0,1.0,0.0,0.0,1.0,4.0,0.0,0.0,3.0,17.0,18.0,28.16,2.1634,1.0,3.0,1.0,2.0
24.0,0.0,6.0,0.0,0.0,0.0,0.0,0.0,0.0,0.0,0.0,0.0,2.0,0.0,0.0,0.0,0.0,0.0,0.0,30.0,33.0,100.9,2.3744,2.0,6.0,3.0,4.0
17.0,0.0,4.0,0.0,0.0,1.0,1.0,0.0,0.0,0.0,0.0,0.0,1.0,0.0,2.0,2.0,0.0,0.0,1.0,23.0,25.0,63.6,3.8283,1.0,4.0,2.0,3.0
20.0,3.0,2.0,0.0,0.0,0.0,0.0,0.0,0.0,0.0,0.0,0.0,0.0,0.0,2.0,0.0,0.0,2.0,2.0,25.0,28.0,39.52,2.8531,0.0,5.0,5.0,4.0
51.0,14.0,15.0,0.0,0.0,0.0,0.0,0.0,0.0,0.0,1.0,12.0,7.0,7.0,2.0,0.0,0.0,0.0,0.0,80.0,81.0,514.37,-2.66893,21.0,19.0,44.0,2.0
11.0,2.0,3.0,0.0,0.0,1.0,0.0,0.0,0.0,0.0,3.0,0.0,0.0,0.0,1.0,1.0,0.0,2.0,1.0,17.0,19.0,67.43,0.6429,2.0,3.0,0.0,3.0
15.0,2.0,2.0,0.0,0.0,0.0,1.0,0.0,0.0,0.0,0.0,2.0,2.0,0.0,2.0,1.0,0.0,0.0,0.0,20.0,22.0,64.52,2.0813,4.0,4.0,1.0,3.0
47.0,0.0,18.0,0.0,0.0,0.0,0.0,0.0,0.0,0.0,0.0,0.0,12.0,0.0,0.0,0.0,0.0,0.0,3.0,65.0,71.0,298.14,-0.4169,12.0,18.0,12.0,7.0
11.0,4.0,4.0,0.0,0.0,0.0,0.0,0.0,0.0,0.0,0.0,0.0,0.0,0.0,1.0,0.0,0.0,4.0,2.0,19.0,21.0,80.28,-1.1934,0.0,8.0,2.0,3.0
20.0,6.0,1.0,1.0,0.0,3.0,0.0,0.0,0.0,0.0,0.0,0.0,0.0,0.0,2.0,3.0,0.0,0.0,6.0,31.0,33.0,79.21,1.7635,2.0,6.0,6.0,3.0
42.0,1.0,10.0,0.0,0.0,0.0,0.0,0.0,0.0,0.0,0.0,0.0,0.0,0.0,0.0,0.0,0.0,0.0,2.0,53.0,58.0,111.22,5.8775,0.0,11.0,9.0,6.0
18.0,5.0,2.0,0.0,0.0,0.0,0.0,0.0,0.0,0.0,0.0,1.0,0.0,0.0,2.0,0.0,0.0,0.0,3.0,25.0,27.0,97.05,0.39448,1.0,7.0,3.0,3.0
16.0,2.0,0.0,0.0,0.0,0.0,0.0,0.0,0.0,0.0,0.0,0.0,0.0,0.0,2.0,0.0,0.0,0.0,1.0,18.0,19.0,16.13,3.1652,0.0,2.0,5.0,2.0
19.0,1.0,2.0,1.0,0.0,0.0,1.0,0.0,0.0,0.0,1.0,0.0,0.0,0.0,2.0,1.0,0.0,0.0,0.0,24.0,25.0,38.33,4.3308,1.0,3.0,9.0,2.0
16.0,4.0,3.0,0.0,0.0,0.0,0.0,0.0,0.0,0.0,0.0,0.0,0.0,0.0,1.0,0.0,0.0,2.0,2.0,23.0,25.0,89.75,1.5429,1.0,6.0,5.0,3.0
17.0,5.0,6.0,0.0,0.0,0.0,0.0,0.0,0.0,0.0,1.0,4.0,2.0,0.0,0.0,0.0,0.0,0.0,1.0,28.0,29.0,192.54,-3.5854,6.0,10.0,6.0,2.0
19.0,8.0,6.0,2.0,0.0,0.0,0.0,0.0,0.0,0.0,2.0,2.0,2.0,1.0,0.0,0.0,0.0,4.0,1.0,35.0,38.0,199.94,-1.8606,5.0,13.0,9.0,4.0
32.0,1.0,12.0,0.0,0.0,0.0,0.0,0.0,0.0,0.0,0.0,1.0,4.0,0.0,2.0,0.0,0.0,0.0,2.0,45.0,50.0,204.3,1.5522,5.0,13.0,7.0,6.0
184.0,49.0,61.0,1.0,0.0,0.0,0.0,0.0,0.0,0.0,1.0,40.0,32.0,28.0,3.0,0.0,0.0,7.0,0.0,295.0,303.0,1800.84,-11.87293,76.0,78.0,172.0,9.0
22.0,1.0,7.0,0.0,0.0,0.0,0.0,0.0,0.0,0.0,0.0,1.0,4.0,0.0,2.0,0.0,0.0,0.0,0.0,30.0,33.0,158.15,1.26504,5.0,8.0,1.0,4.0
22.0,6.0,4.0,1.0,0.0,0.0,0.0,0.0,0.0,0.0,0.0,0.0,0.0,0.0,2.0,0.0,1.0,2.0,4.0,33.0,36.0,113.42,1.6109,1.0,8.0,7.0,4.0
141.0,46.0,45.0,6.0,0.0,0.0,0.0,0.0,0.0,0.0,2.0,35.0,25.0,18.0,4.0,0.0,0.0,6.0,0.0,238.0,245.0,1525.58,-15.64289,73.0,69.0,134.0,8.0
115.0,27.0,26.0,0.0,0.0,0.0,0.0,0.0,0.0,0.0,1.0,23.0,13.0,12.0,2.0,0.0,0.0,3.0,0.0,168.0,172.0,865.84,1.4275,38.0,39.0,94.0,5.0
17.0,6.0,1.0,1.0,0.0,0.0,0.0,0.0,0.0,0.0,1.0,1.0,0.0,0.0,2.0,0.0,0.0,1.0,3.0,25.0,28.0,97.03,1.90394,2.0,7.0,3.0,4.0
14.0,0.0,3.0,0.0,0.0,0.0,0.0,0.0,0.0,0.0,0.0,0.0,2.0,0.0,2.0,0.0,0.0,0.0,0.0,17.0,19.0,57.53,2.233,2.0,3.0,0.0,3.0
15.0,3.0,4.0,1.0,0.0,0.0,0.0,0.0,0.0,0.0,1.0,1.0,0.0,0.0,1.0,0.0,1.0,1.0,0.0,23.0,24.0,101.73,0.4142,2.0,5.0,6.0,2.0
17.0,2.0,1.0,0.0,0.0,0.0,0.0,0.0,0.0,0.0,0.0,1.0,0.0,0.0,2.0,0.0,0.0,2.0,0.0,20.0,22.0,52.05,4.2947,1.0,3.0,4.0,3.0
54.0,6.0,18.0,0.0,0.0,0.0,0.0,0.0,0.0,0.0,6.0,0.0,0.0,0.0,0.0,0.0,0.0,0.0,0.0,78.0,78.0,332.4,2.3433,6.0,18.0,9.0,1.0
131.0,33.0,40.0,6.0,0.0,0.0,0.0,0.0,0.0,0.0,1.0,29.0,22.0,17.0,3.0,0.0,0.0,3.0,0.0,210.0,215.0,1192.89,-8.0936,58.0,61.0,122.0,6.0
36.0,5.0,4.0,0.0,0.0,0.0,0.0,0.0,0.0,0.0,2.0,0.0,2.0,0.0,3.0,0.0,0.0,0.0,3.0,45.0,49.0,120.43,0.0327,6.0,5.0,11.0,5.0
11.0,3.0,2.0,2.0,0.0,0.0,0.0,0.0,0.0,0.0,0.0,2.0,0.0,0.0,1.0,0.0,1.0,2.0,0.0,18.0,19.0,85.08,2.14294,2.0,5.0,3.0,2.0
19.0,1.0,0.0,0.0,0.0,0.0,0.0,0.0,0.0,0.0,0.0,0.0,0.0,0.0,2.0,0.0,0.0,0.0,1.0,20.0,23.0,3.24,3.9212,0.0,1.0,1.0,4.0
71.0,18.0,24.0,0.0,0.0,0.0,0.0,0.0,0.0,0.0,1.0,14.0,12.0,11.0,1.0,0.0,0.0,3.0,0.0,113.0,116.0,720.27,-3.3309,28.0,29.0,63.0,4.0
20.0,0.0,5.0,0.0,0.0,0.0,0.0,0.0,0.0,0.0,0.0,0.0,3.0,1.0,0.0,0.0,0.0,1.0,0.0,25.0,26.0,86.99,3.4085,3.0,4.0,10.0,2.0
21.0,1.0,2.0,0.0,0.0,0.0,0.0,0.0,0.0,0.0,0.0,0.0,2.0,0.0,2.0,0.0,0.0,0.0,1.0,24.0,26.0,43.7,3.7688,2.0,3.0,5.0,3.0
27.0,2.0,5.0,1.0,0.0,0.0,0.0,0.0,0.0,0.0,1.0,0.0,2.0,0.0,0.0,0.0,0.0,2.0,0.0,35.0,37.0,112.05,4.05052,3.0,7.0,2.0,3.0
78.0,27.0,18.0,0.0,0.0,0.0,0.0,0.0,0.0,0.0,0.0,18.0,9.0,9.0,2.0,0.0,0.0,7.0,0.0,123.0,129.0,735.53,-3.32076,32.0,29.0,62.0,7.0
18.0,1.0,5.0,0.0,0.0,0.0,0.0,0.0,0.0,0.0,0.0,1.0,3.0,0.0,2.0,0.0,0.0,2.0,0.0,24.0,26.0,91.18,2.0807,4.0,6.0,6.0,3.0
24.0,0.0,1.0,1.0,0.0,0.0,1.0,0.0,0.0,0.0,0.0,0.0,1.0,0.0,2.0,1.0,0.0,0.0,1.0,27.0,30.0,20.23,7.2053,1.0,2.0,5.0,4.0
42.0,2.0,14.0,0.0,0.0,0.0,0.0,0.0,0.0,0.0,0.0,1.0,4.0,0.0,0.0,0.0,0.0,0.0,4.0,58.0,61.0,196.33,2.2017,5.0,16.0,12.0,4.0
20.0,2.0,1.0,0.0,0.0,0.0,0.0,0.0,0.0,0.0,0.0,0.0,1.0,0.0,1.0,0.0,0.0,0.0,2.0,23.0,25.0,23.47,2.8465,1.0,2.0,4.0,3.0
17.0,2.0,1.0,0.0,0.0,6.0,0.0,0.0,0.0,0.0,0.0,1.0,1.0,0.0,2.0,6.0,0.0,0.0,2.0,26.0,28.0,45.15,4.4479,2.0,3.0,2.0,3.0
31.0,2.0,11.0,0.0,0.0,0.0,0.0,0.0,0.0,0.0,2.0,0.0,3.0,0.0,3.0,0.0,0.0,0.0,2.0,44.0,47.0,200.01,3.62712,5.0,11.0,8.0,4.0
17.0,1.0,3.0,0.0,0.0,0.0,0.0,0.0,0.0,0.0,0.0,0.0,1.0,0.0,1.0,0.0,0.0,0.0,0.0,21.0,22.0,49.77,2.1801,1.0,4.0,6.0,2.0
17.0,2.0,5.0,1.0,0.0,0.0,0.0,0.0,0.0,0.0,0.0,2.0,1.0,1.0,2.0,0.0,1.0,0.0,0.0,25.0,26.0,118.72,3.0365,3.0,5.0,8.0,2.0
11.0,3.0,3.0,1.0,0.0,0.0,0.0,0.0,0.0,0.0,0.0,2.0,0.0,0.0,1.0,0.0,1.0,2.0,0.0,18.0,19.0,98.22,1.67444,2.0,5.0,3.0,2.0
11.0,2.0,4.0,0.0,0.0,0.0,0.0,0.0,3.0,0.0,2.0,0.0,1.0,1.0,0.0,3.0,0.0,0.0,0.0,20.0,20.0,95.5,1.28439,3.0,3.0,3.0,1.0
133.0,43.0,43.0,0.0,0.0,0.0,0.0,0.0,0.0,0.0,2.0,35.0,22.0,19.0,2.0,0.0,0.0,2.0,0.0,219.0,221.0,1470.65,-11.34652,64.0,56.0,131.0,3.0
18.0,6.0,5.0,2.0,0.0,0.0,0.0,0.0,0.0,0.0,2.0,0.0,2.0,1.0,1.0,0.0,0.0,4.0,1.0,31.0,34.0,150.54,-0.2256,3.0,10.0,7.0,4.0
14.0,1.0,3.0,0.0,0.0,1.0,0.0,0.0,0.0,0.0,0.0,0.0,1.0,1.0,2.0,1.0,0.0,0.0,1.0,19.0,21.0,59.3,2.346,1.0,3.0,1.0,3.0
18.0,3.0,2.0,0.0,0.0,0.0,0.0,0.0,0.0,0.0,2.0,0.0,0.0,0.0,1.0,0.0,0.0,2.0,1.0,23.0,26.0,54.34,1.7956,1.0,3.0,3.0,4.0
21.0,5.0,4.0,1.0,0.0,0.0,0.0,0.0,0.0,0.0,3.0,0.0,0.0,0.0,2.0,0.0,1.0,0.0,2.0,31.0,33.0,130.15,2.07812,3.0,6.0,7.0,3.0
20.0,1.0,2.0,0.0,0.0,0.0,0.0,0.0,0.0,0.0,0.0,0.0,1.0,0.0,0.0,0.0,0.0,0.0,0.0,23.0,26.0,61.09,3.83718,1.0,3.0,1.0,4.0
24.0,0.0,6.0,0.0,0.0,1.0,0.0,0.0,0.0,0.0,0.0,0.0,2.0,0.0,0.0,1.0,0.0,2.0,0.0,31.0,35.0,93.06,2.2747,2.0,6.0,2.0,5.0
18.0,4.0,2.0,0.0,0.0,0.0,0.0,0.0,0.0,0.0,0.0,2.0,0.0,0.0,2.0,0.0,0.0,0.0,3.0,24.0,26.0,89.6,2.7042,2.0,6.0,4.0,3.0
19.0,3.0,5.0,1.0,0.0,1.0,1.0,0.0,0.0,0.0,2.0,0.0,1.0,1.0,1.0,2.0,0.0,3.0,0.0,30.0,33.0,112.74,2.68782,2.0,6.0,4.0,4.0
114.0,33.0,32.0,0.0,0.0,0.0,0.0,0.0,0.0,0.0,3.0,26.0,16.0,13.0,3.0,0.0,0.0,3.0,0.0,179.0,183.0,1099.37,-7.02673,47.0,46.0,103.0,5.0
17.0,1.0,4.0,0.0,0.0,0.0,0.0,0.0,0.0,0.0,0.0,0.0,1.0,0.0,1.0,0.0,0.0,1.0,0.0,22.0,25.0,62.3,0.9181,1.0,5.0,4.0,4.0
25.0,1.0,18.0,0.0,0.0,0.0,0.0,0.0,0.0,0.0,0.0,1.0,13.0,0.0,0.0,0.0,0.0,0.0,3.0,44.0,47.0,321.17,-8.5645,14.0,19.0,9.0,4.0
120.0,27.0,27.0,4.0,0.0,0.0,0.0,0.0,0.0,0.0,0.0,25.0,14.0,13.0,2.0,0.0,0.0,2.0,0.0,178.0,181.0,868.32,1.9042,41.0,45.0,106.0,4.0
17.0,1.0,1.0,0.0,0.0,0.0,0.0,0.0,0.0,0.0,0.0,0.0,1.0,0.0,1.0,0.0,0.0,0.0,1.0,19.0,21.0,23.47,3.1695,1.0,2.0,2.0,3.0
19.0,3.0,0.0,0.0,0.0,0.0,0.0,0.0,0.0,0.0,0.0,1.0,0.0,0.0,3.0,0.0,0.0,0.0,3.0,22.0,25.0,28.16,3.3114,1.0,3.0,2.0,4.0
137.0,60.0,32.0,0.0,0.0,0.0,0.0,0.0,0.0,0.0,0.0,49.0,17.0,15.0,1.0,0.0,0.0,1.0,0.0,229.0,230.0,1641.02,-13.42,76.0,57.0,143.0,2.0
13.0,3.0,4.0,2.0,0.0,0.0,0.0,0.0,0.0,0.0,1.0,0.0,1.0,0.0,1.0,0.0,1.0,1.0,3.0,22.0,24.0,99.6,1.6425,2.0,6.0,2.0,3.0
20.0,2.0,1.0,0.0,0.0,0.0,2.0,0.0,0.0,0.0,1.0,0.0,0.0,0.0,1.0,2.0,0.0,1.0,1.0,25.0,27.0,23.55,4.6489,0.0,2.0,4.0,3.0
31.0,10.0,7.0,0.0,0.0,0.0,0.0,0.0,0.0,0.0,0.0,6.0,4.0,3.0,1.0,0.0,0.0,4.0,0.0,48.0,51.0,274.07,-0.73023,12.0,11.0,20.0,4.0
60.0,20.0,18.0,1.0,0.0,0.0,0.0,0.0,0.0,0.0,1.0,14.0,9.0,8.0,1.0,0.0,0.0,5.0,0.0,99.0,102.0,632.71,-5.0591,27.0,28.0,54.0,4.0
36.0,3.0,5.0,0.0,0.0,0.0,0.0,0.0,0.0,0.0,2.0,0.0,1.0,1.0,5.0,0.0,0.0,0.0,1.0,44.0,48.0,117.62,6.2188,3.0,5.0,12.0,5.0
24.0,1.0,2.0,0.0,0.0,0.0,0.0,0.0,0.0,0.0,0.0,0.0,1.0,0.0,2.0,0.0,0.0,0.0,1.0,27.0,31.0,40.54,4.3335,1.0,3.0,3.0,5.0
20.0,2.0,1.0,0.0,0.0,0.0,0.0,0.0,0.0,0.0,0.0,0.0,1.0,0.0,1.0,0.0,0.0,0.0,2.0,23.0,25.0,23.47,2.8465,1.0,2.0,4.0,3.0
19.0,1.0,3.0,0.0,0.0,0.0,0.0,0.0,0.0,0.0,0.0,1.0,0.0,0.0,2.0,0.0,0.0,0.0,2.0,23.0,25.0,39.72,3.1938,1.0,4.0,6.0,3.0
120.0,36.0,34.0,0.0,0.0,0.0,0.0,0.0,0.0,0.0,3.0,28.0,16.0,15.0,2.0,0.0,0.0,3.0,0.0,190.0,193.0,1209.4,-6.60966,50.0,47.0,115.0,4.0
21.0,0.0,5.0,0.0,0.0,0.0,1.0,0.0,0.0,0.0,0.0,0.0,3.0,0.0,0.0,1.0,0.0,0.0,0.0,27.0,30.0,94.83,1.9001,3.0,5.0,2.0,4.0
22.0,7.0,5.0,0.0,0.0,0.0,0.0,0.0,0.0,0.0,1.0,1.0,2.0,0.0,2.0,0.0,0.0,3.0,2.0,34.0,37.0,160.88,-0.7937,4.0,11.0,8.0,4.0
19.0,1.0,2.0,0.0,0.0,0.0,1.0,0.0,0.0,0.0,0.0,0.0,0.0,0.0,2.0,1.0,0.0,0.0,2.0,23.0,25.0,21.7,3.7782,0.0,3.0,6.0,3.0
28.0,6.0,7.0,0.0,0.0,0.0,0.0,0.0,0.0,0.0,0.0,5.0,4.0,3.0,1.0,0.0,0.0,1.0,0.0,41.0,42.0,223.5,0.1046,9.0,10.0,20.0,2.0
43.0,5.0,10.0,0.0,0.0,0.0,0.0,0.0,0.0,0.0,1.0,0.0,1.0,0.0,1.0,0.0,0.0,4.0,2.0,58.0,62.0,171.85,4.9292,1.0,14.0,11.0,5.0
57.0,21.0,16.0,0.0,0.0,0.0,0.0,0.0,0.0,0.0,0.0,17.0,9.0,7.0,1.0,0.0,0.0,1.0,0.0,94.0,95.0,650.81,-5.91729,29.0,24.0,53.0,2.0
12.0,0.0,4.0,0.0,0.0,0.0,0.0,0.0,0.0,0.0,0.0,0.0,0.0,0.0,2.0,0.0,0.0,1.0,1.0,16.0,18.0,52.58,2.5478,0.0,4.0,1.0,3.0
11.0,4.0,2.0,0.0,0.0,0.0,1.0,0.0,0.0,0.0,2.0,0.0,0.0,0.0,1.0,1.0,0.0,2.0,0.0,18.0,19.0,73.8,1.2895,2.0,3.0,1.0,2.0
39.0,5.0,12.0,1.0,0.0,0.0,0.0,0.0,0.0,0.0,2.0,2.0,6.0,1.0,2.0,0.0,0.0,1.0,0.0,57.0,63.0,266.37,0.18,9.0,15.0,9.0,7.0
22.0,5.0,2.0,0.0,0.0,0.0,1.0,0.0,0.0,0.0,0.0,0.0,0.0,0.0,2.0,1.0,0.0,4.0,1.0,30.0,34.0,80.02,1.9361,3.0,4.0,5.0,5.0
173.0,45.0,46.0,3.0,0.0,0.0,0.0,0.0,0.0,0.0,1.0,44.0,23.0,22.0,2.0,0.0,0.0,0.0,0.0,267.0,268.0,1525.16,-4.8297,70.0,71.0,174.0,2.0
202.0,58.0,55.0,0.0,0.0,0.0,0.0,0.0,0.0,0.0,3.0,46.0,29.0,23.0,6.0,0.0,0.0,4.0,0.0,315.0,323.0,1928.26,-8.98335,84.0,76.0,180.0,9.0
24.0,5.0,1.0,0.0,0.0,0.0,0.0,0.0,0.0,0.0,0.0,0.0,0.0,0.0,3.0,0.0,0.0,2.0,3.0,30.0,34.0,56.63,2.2938,1.0,5.0,5.0,5.0
31.0,2.0,5.0,1.0,0.0,0.0,0.0,0.0,0.0,0.0,0.0,1.0,0.0,0.0,2.0,0.0,1.0,1.0,0.0,39.0,41.0,88.85,7.049,1.0,6.0,18.0,3.0
18.0,8.0,7.0,3.0,0.0,0.0,0.0,0.0,0.0,0.0,2.0,1.0,2.0,1.0,1.0,0.0,0.0,2.0,4.0,36.0,39.0,215.22,-1.199,4.0,15.0,8.0,4.0
14.0,1.0,2.0,0.0,0.0,0.0,0.0,0.0,0.0,0.0,0.0,0.0,0.0,0.0,1.0,0.0,0.0,0.0,1.0,17.0,19.0,29.54,1.9376,0.0,3.0,2.0,4.0
17.0,4.0,0.0,0.0,0.0,0.0,1.0,0.0,0.0,0.0,0.0,1.0,0.0,0.0,2.0,1.0,0.0,3.0,0.0,22.0,25.0,42.74,3.42172,1.0,4.0,1.0,4.0
22.0,1.0,2.0,0.0,0.0,0.0,0.0,0.0,0.0,0.0,0.0,0.0,1.0,0.0,0.0,0.0,0.0,2.0,0.0,25.0,29.0,46.26,4.221,1.0,3.0,0.0,5.0
15.0,4.0,1.0,0.0,0.0,1.0,0.0,0.0,0.0,0.0,1.0,0.0,0.0,0.0,1.0,1.0,0.0,2.0,0.0,21.0,23.0,50.49,1.68142,0.0,4.0,1.0,3.0
23.0,6.0,5.0,2.0,0.0,0.0,0.0,0.0,0.0,0.0,2.0,1.0,1.0,1.0,0.0,0.0,0.0,2.0,2.0,36.0,40.0,150.45,1.8619,3.0,10.0,7.0,5.0
54.0,18.0,19.0,0.0,0.0,0.0,0.0,0.0,0.0,0.0,0.0,15.0,10.0,9.0,1.0,0.0,0.0,2.0,0.0,91.0,93.0,615.3,-6.22026,27.0,24.0,50.0,3.0
15.0,2.0,2.0,0.0,0.0,0.0,0.0,0.0,0.0,0.0,2.0,0.0,0.0,0.0,2.0,0.0,0.0,0.0,0.0,19.0,22.0,58.86,3.0294,1.0,2.0,0.0,4.0
24.0,0.0,6.0,0.0,0.0,1.0,0.0,0.0,0.0,0.0,0.0,0.0,2.0,0.0,0.0,1.0,0.0,2.0,0.0,31.0,35.0,93.06,2.7227,2.0,6.0,2.0,5.0
24.0,2.0,3.0,1.0,0.0,0.0,1.0,0.0,0.0,0.0,0.0,0.0,1.0,0.0,2.0,1.0,0.0,1.0,3.0,31.0,35.0,53.01,4.7228,1.0,6.0,5.0,5.0
25.0,6.0,2.0,0.0,0.0,1.0,0.0,0.0,0.0,0.0,1.0,0.0,0.0,0.0,2.0,1.0,0.0,4.0,1.0,35.0,37.0,76.26,3.1458,0.0,7.0,8.0,4.0
34.0,4.0,9.0,1.0,0.0,0.0,0.0,0.0,0.0,0.0,2.0,0.0,1.0,0.0,0.0,0.0,0.0,3.0,0.0,48.0,50.0,176.42,2.2693,2.0,11.0,7.0,3.0
21.0,4.0,3.0,0.0,0.0,3.0,1.0,0.0,0.0,0.0,3.0,0.0,0.0,0.0,3.0,4.0,0.0,0.0,1.0,32.0,34.0,92.35,5.5497,3.0,4.0,5.0,3.0
50.0,14.0,13.0,0.0,0.0,0.0,0.0,0.0,0.0,0.0,0.0,12.0,7.0,6.0,1.0,0.0,0.0,1.0,0.0,77.0,78.0,443.46,-1.91093,20.0,19.0,42.0,2.0
44.0,11.0,17.0,0.0,0.0,0.0,0.0,0.0,0.0,0.0,0.0,10.0,9.0,8.0,2.0,0.0,0.0,1.0,0.0,72.0,74.0,468.71,-3.1957,20.0,19.0,38.0,3.0
36.0,0.0,16.0,0.0,0.0,0.0,0.0,0.0,0.0,0.0,0.0,0.0,9.0,2.0,4.0,0.0,0.0,1.0,0.0,52.0,56.0,278.04,3.3345,9.0,14.0,12.0,5.0
26.0,1.0,6.0,1.0,0.0,0.0,0.0,0.0,0.0,0.0,1.0,0.0,3.0,0.0,0.0,0.0,0.0,0.0,0.0,34.0,37.0,123.93,3.3973,4.0,5.0,7.0,4.0
15.0,2.0,2.0,0.0,0.0,0.0,0.0,0.0,0.0,0.0,1.0,0.0,0.0,0.0,1.0,0.0,0.0,1.0,1.0,19.0,20.0,42.43,2.0417,0.0,3.0,6.0,2.0
21.0,4.0,4.0,0.0,0.0,0.0,0.0,0.0,0.0,0.0,1.0,1.0,0.0,0.0,1.0,0.0,0.0,0.0,1.0,29.0,31.0,110.73,3.1262,2.0,6.0,7.0,3.0
22.0,3.0,4.0,1.0,0.0,0.0,0.0,0.0,0.0,0.0,2.0,0.0,0.0,0.0,2.0,0.0,0.0,0.0,4.0,30.0,33.0,71.11,4.1066,1.0,6.0,5.0,4.0
9.0,3.0,0.0,1.0,0.0,0.0,1.0,0.0,0.0,0.0,0.0,1.0,0.0,0.0,1.0,1.0,0.0,2.0,0.0,14.0,15.0,53.11,2.41017,2.0,3.0,1.0,2.0
30.0,0.0,5.0,0.0,0.0,0.0,0.0,0.0,0.0,0.0,0.0,0.0,2.0,0.0,1.0,0.0,0.0,0.0,0.0,35.0,37.0,83.83,4.8828,2.0,5.0,11.0,3.0
184.0,49.0,62.0,1.0,0.0,0.0,0.0,0.0,0.0,0.0,1.0,40.0,32.0,29.0,3.0,0.0,0.0,7.0,0.0,296.0,304.0,1817.91,-12.12823,76.0,78.0,172.0,9.0
69.0,18.0,15.0,0.0,0.0,0.0,0.0,0.0,0.0,0.0,0.0,14.0,9.0,6.0,3.0,0.0,0.0,2.0,0.0,102.0,106.0,549.06,-0.98116,25.0,23.0,51.0,5.0
52.0,15.0,15.0,1.0,0.0,0.0,0.0,0.0,0.0,0.0,1.0,12.0,7.0,7.0,2.0,0.0,0.0,1.0,0.0,83.0,85.0,531.6,-3.04673,21.0,21.0,45.0,3.0
66.0,17.0,16.0,0.0,0.0,0.0,0.0,0.0,0.0,0.0,1.0,13.0,8.0,7.0,3.0,0.0,0.0,2.0,0.0,99.0,103.0,553.11,-1.79173,23.0,23.0,51.0,5.0
20.0,2.0,0.0,0.0,0.0,0.0,0.0,0.0,0.0,0.0,0.0,0.0,0.0,0.0,2.0,0.0,0.0,0.0,0.0,22.0,25.0,6.48,4.4043,0.0,2.0,0.0,4.0
12.0,0.0,4.0,0.0,0.0,0.0,1.0,0.0,0.0,0.0,0.0,0.0,1.0,0.0,1.0,1.0,0.0,1.0,0.0,17.0,18.0,55.76,1.8291,1.0,4.0,3.0,2.0
9.0,5.0,3.0,0.0,0.0,0.0,0.0,0.0,0.0,0.0,0.0,3.0,2.0,0.0,1.0,0.0,0.0,0.0,4.0,17.0,18.0,136.29,-1.7002,6.0,7.0,2.0,2.0
22.0,2.0,4.0,0.0,0.0,0.0,0.0,0.0,0.0,0.0,0.0,0.0,0.0,0.0,3.0,0.0,0.0,0.0,1.0,28.0,30.0,64.6,4.51482,0.0,4.0,6.0,3.0
18.0,1.0,5.0,0.0,0.0,0.0,0.0,0.0,0.0,0.0,0.0,1.0,3.0,0.0,2.0,0.0,0.0,2.0,0.0,24.0,26.0,91.18,2.0807,4.0,6.0,6.0,3.0
36.0,5.0,4.0,0.0,0.0,0.0,0.0,0.0,0.0,0.0,2.0,0.0,2.0,0.0,3.0,0.0,0.0,0.0,3.0,45.0,49.0,119.23,1.4498,5.0,6.0,11.0,5.0
90.0,30.0,38.0,9.0,0.0,0.0,0.0,0.0,0.0,0.0,0.0,27.0,22.0,16.0,0.0,0.0,0.0,3.0,0.0,167.0,168.0,1102.89,-17.3751,58.0,60.0,105.0,2.0
21.0,5.0,2.0,0.0,0.0,0.0,0.0,0.0,0.0,0.0,0.0,1.0,0.0,0.0,3.0,0.0,0.0,0.0,4.0,28.0,30.0,92.79,2.90252,2.0,6.0,9.0,3.0
23.0,2.0,1.0,1.0,0.0,0.0,0.0,0.0,0.0,0.0,1.0,0.0,0.0,0.0,2.0,0.0,0.0,0.0,1.0,27.0,29.0,32.34,5.2825,1.0,3.0,7.0,3.0
68.0,8.0,24.0,0.0,0.0,0.0,2.0,0.0,0.0,0.0,7.0,1.0,10.0,0.0,7.0,2.0,0.0,0.0,1.0,102.0,113.0,504.47,2.84052,18.0,25.0,5.0,14.0
11.0,3.0,2.0,1.0,0.0,0.0,0.0,0.0,0.0,0.0,0.0,2.0,0.0,0.0,2.0,0.0,1.0,0.0,1.0,17.0,18.0,85.08,1.4646,2.0,4.0,3.0,2.0
20.0,1.0,1.0,1.0,0.0,0.0,0.0,0.0,0.0,0.0,0.0,0.0,0.0,0.0,2.0,0.0,0.0,0.0,2.0,23.0,25.0,12.47,4.29654,0.0,3.0,5.0,3.0
54.0,18.0,19.0,0.0,0.0,0.0,0.0,0.0,0.0,0.0,0.0,15.0,10.0,9.0,1.0,0.0,0.0,2.0,0.0,91.0,93.0,615.3,-6.22026,27.0,24.0,50.0,3.0
19.0,3.0,2.0,1.0,0.0,0.0,1.0,0.0,0.0,0.0,1.0,0.0,0.0,0.0,2.0,1.0,0.0,3.0,0.0,26.0,28.0,68.02,4.49542,1.0,5.0,6.0,3.0
32.0,2.0,1.0,0.0,0.0,0.0,0.0,0.0,0.0,0.0,0.0,0.0,0.0,0.0,3.0,0.0,0.0,0.0,1.0,35.0,39.0,30.28,3.9339,2.0,1.0,7.0,6.0
43.0,2.0,13.0,0.0,0.0,0.0,0.0,0.0,0.0,0.0,2.0,0.0,4.0,0.0,2.0,0.0,0.0,1.0,0.0,58.0,61.0,210.62,5.29572,5.0,13.0,7.0,5.0
29.0,3.0,10.0,0.0,0.0,0.0,0.0,0.0,0.0,0.0,1.0,0.0,6.0,1.0,1.0,0.0,0.0,0.0,1.0,42.0,46.0,208.17,0.014,7.0,11.0,5.0,5.0
22.0,1.0,6.0,0.0,0.0,0.0,0.0,0.0,0.0,0.0,1.0,0.0,0.0,0.0,1.0,0.0,0.0,0.0,0.0,29.0,31.0,83.09,2.8716,1.0,6.0,5.0,3.0
20.0,1.0,4.0,0.0,0.0,0.0,0.0,0.0,0.0,0.0,0.0,0.0,0.0,0.0,3.0,0.0,0.0,2.0,1.0,25.0,29.0,40.8,3.0963,0.0,4.0,2.0,5.0
19.0,3.0,0.0,0.0,0.0,0.0,0.0,0.0,0.0,0.0,0.0,1.0,0.0,0.0,3.0,0.0,0.0,0.0,3.0,22.0,25.0,28.16,3.3114,1.0,3.0,2.0,4.0
28.0,2.0,2.0,0.0,0.0,0.0,0.0,0.0,0.0,0.0,1.0,0.0,0.0,0.0,3.0,0.0,0.0,2.0,0.0,32.0,36.0,55.56,3.9575,1.0,3.0,7.0,5.0
8.0,3.0,0.0,0.0,0.0,0.0,0.0,0.0,0.0,0.0,0.0,1.0,0.0,0.0,1.0,0.0,0.0,2.0,0.0,11.0,12.0,45.91,0.2121,2.0,1.0,1.0,2.0
59.0,17.0,18.0,0.0,0.0,0.0,0.0,0.0,0.0,0.0,1.0,12.0,10.0,7.0,1.0,0.0,0.0,4.0,0.0,94.0,96.0,580.59,-3.6169,25.0,25.0,51.0,3.0
29.0,1.0,5.0,0.0,0.0,0.0,0.0,0.0,0.0,0.0,1.0,0.0,0.0,0.0,0.0,0.0,0.0,0.0,0.0,35.0,35.0,81.7,6.8819,1.0,5.0,23.0,1.0
19.0,1.0,6.0,0.0,0.0,0.0,0.0,0.0,0.0,0.0,0.0,0.0,0.0,0.0,3.0,0.0,0.0,0.0,3.0,26.0,29.0,98.6,2.23932,1.0,6.0,2.0,4.0
18.0,1.0,1.0,0.0,0.0,0.0,0.0,0.0,0.0,0.0,0.0,1.0,1.0,0.0,2.0,0.0,0.0,0.0,1.0,20.0,22.0,32.26,2.9221,2.0,2.0,3.0,3.0
23.0,2.0,2.0,0.0,0.0,0.0,0.0,0.0,0.0,0.0,2.0,0.0,0.0,0.0,0.0,0.0,0.0,0.0,1.0,27.0,30.0,58.2,3.8145,2.0,2.0,1.0,4.0
41.0,10.0,9.0,0.0,0.0,0.0,0.0,0.0,0.0,0.0,0.0,8.0,5.0,4.0,2.0,0.0,0.0,1.0,0.0,60.0,62.0,320.74,-0.30723,14.0,13.0,29.0,3.0
32.0,4.0,8.0,0.0,0.0,0.0,0.0,0.0,0.0,0.0,2.0,1.0,1.0,0.0,0.0,0.0,0.0,0.0,0.0,44.0,45.0,169.52,1.9132,4.0,10.0,7.0,2.0
119.0,40.0,29.0,1.0,0.0,0.0,0.0,0.0,0.0,0.0,2.0,33.0,15.0,12.0,3.0,0.0,0.0,2.0,0.0,189.0,193.0,1234.49,-8.24129,55.0,48.0,115.0,5.0
94.0,28.0,21.0,0.0,0.0,0.0,0.0,0.0,0.0,0.0,2.0,24.0,10.0,9.0,2.0,0.0,0.0,1.0,0.0,143.0,145.0,882.39,-3.03783,38.0,35.0,89.0,3.0
23.0,3.0,2.0,0.0,0.0,0.0,2.0,0.0,0.0,0.0,1.0,0.0,0.0,0.0,2.0,2.0,0.0,0.0,3.0,30.0,33.0,44.81,4.8593,1.0,4.0,7.0,4.0
18.0,2.0,0.0,0.0,0.0,0.0,0.0,0.0,1.0,0.0,0.0,0.0,0.0,0.0,1.0,1.0,0.0,0.0,2.0,21.0,23.0,8.88,1.4288,2.0,0.0,4.0,3.0
20.0,2.0,3.0,0.0,0.0,0.0,1.0,0.0,0.0,0.0,2.0,0.0,0.0,0.0,2.0,1.0,0.0,0.0,2.0,26.0,29.0,49.85,3.2801,0.0,3.0,1.0,4.0
17.0,3.0,5.0,1.0,0.0,0.0,0.0,0.0,0.0,0.0,2.0,1.0,2.0,1.0,0.0,0.0,0.0,1.0,0.0,26.0,28.0,110.18,0.0396,3.0,6.0,5.0,3.0
28.0,4.0,1.0,0.0,0.0,0.0,0.0,0.0,0.0,0.0,1.0,0.0,0.0,0.0,3.0,0.0,0.0,0.0,2.0,33.0,37.0,69.02,4.84348,1.0,4.0,5.0,5.0
14.0,1.0,2.0,0.0,0.0,0.0,0.0,0.0,0.0,0.0,0.0,1.0,0.0,0.0,1.0,0.0,0.0,0.0,2.0,17.0,19.0,30.49,1.6231,1.0,3.0,3.0,3.0
36.0,0.0,8.0,0.0,0.0,0.0,0.0,0.0,0.0,0.0,0.0,0.0,6.0,0.0,0.0,0.0,0.0,0.0,1.0,44.0,48.0,139.84,4.3248,6.0,8.0,7.0,5.0
57.0,16.0,15.0,0.0,0.0,0.0,0.0,0.0,0.0,0.0,0.0,12.0,8.0,7.0,1.0,0.0,0.0,4.0,0.0,88.0,90.0,525.02,-0.5421,22.0,22.0,50.0,3.0
38.0,2.0,6.0,0.0,0.0,0.0,0.0,0.0,0.0,0.0,0.0,0.0,2.0,0.0,4.0,0.0,0.0,0.0,2.0,46.0,52.0,77.38,6.8456,2.0,6.0,2.0,8.0
30.0,3.0,1.0,0.0,0.0,2.0,0.0,0.0,0.0,0.0,1.0,0.0,0.0,0.0,3.0,2.0,0.0,0.0,2.0,36.0,39.0,35.58,5.75004,1.0,3.0,9.0,4.0
21.0,1.0,4.0,0.0,0.0,0.0,0.0,0.0,0.0,0.0,0.0,0.0,0.0,0.0,2.0,0.0,0.0,0.0,1.0,26.0,29.0,40.16,3.3765,0.0,5.0,4.0,4.0
28.0,0.0,6.0,0.0,0.0,0.0,0.0,0.0,0.0,0.0,0.0,0.0,2.0,2.0,2.0,0.0,0.0,0.0,0.0,34.0,36.0,93.06,6.201,2.0,4.0,10.0,3.0
67.0,16.0,22.0,0.0,0.0,0.0,0.0,0.0,0.0,0.0,0.0,15.0,13.0,9.0,3.0,0.0,0.0,1.0,0.0,105.0,108.0,634.91,-5.23843,29.0,27.0,57.0,4.0
11.0,2.0,4.0,0.0,0.0,0.0,0.0,0.0,3.0,0.0,2.0,0.0,1.0,1.0,0.0,3.0,0.0,0.0,0.0,20.0,20.0,95.5,1.28439,3.0,3.0,3.0,1.0
18.0,4.0,1.0,1.0,0.0,0.0,0.0,0.0,0.0,0.0,1.0,0.0,0.0,0.0,1.0,0.0,0.0,2.0,3.0,24.0,27.0,49.33,3.14694,0.0,5.0,2.0,4.0
24.0,0.0,4.0,0.0,0.0,0.0,0.0,0.0,0.0,0.0,0.0,0.0,0.0,0.0,0.0,0.0,0.0,0.0,0.0,28.0,31.0,60.44,4.5753,0.0,4.0,2.0,4.0
26.0,5.0,6.0,0.0,0.0,0.0,0.0,0.0,0.0,0.0,4.0,1.0,2.0,0.0,2.0,0.0,0.0,0.0,0.0,37.0,38.0,174.09,-0.9389,6.0,7.0,13.0,2.0
8.0,2.0,1.0,0.0,0.0,0.0,0.0,0.0,0.0,0.0,0.0,0.0,0.0,0.0,0.0,0.0,0.0,0.0,1.0,11.0,11.0,24.83,0.8805,0.0,3.0,2.0,1.0
16.0,1.0,0.0,1.0,0.0,0.0,0.0,0.0,0.0,0.0,0.0,0.0,0.0,0.0,1.0,0.0,0.0,0.0,0.0,18.0,19.0,3.24,4.3864,0.0,2.0,6.0,2.0
20.0,3.0,2.0,0.0,0.0,0.0,0.0,0.0,0.0,0.0,1.0,0.0,1.0,0.0,1.0,0.0,0.0,1.0,1.0,25.0,28.0,68.36,1.9247,3.0,3.0,4.0,4.0
19.0,6.0,3.0,0.0,0.0,0.0,0.0,0.0,0.0,0.0,1.0,0.0,0.0,0.0,2.0,0.0,0.0,2.0,3.0,28.0,31.0,106.68,1.5205,2.0,5.0,2.0,4.0
15.0,4.0,6.0,2.0,0.0,0.0,0.0,0.0,0.0,0.0,2.0,1.0,2.0,2.0,0.0,0.0,0.0,2.0,1.0,27.0,29.0,162.92,-0.0482,4.0,8.0,6.0,3.0
28.0,2.0,1.0,1.0,0.0,4.0,0.0,0.0,0.0,0.0,0.0,0.0,0.0,0.0,3.0,4.0,0.0,0.0,3.0,36.0,40.0,23.55,7.4322,0.0,4.0,6.0,5.0
19.0,1.0,3.0,0.0,0.0,0.0,0.0,0.0,0.0,0.0,1.0,0.0,1.0,1.0,1.0,0.0,0.0,0.0,0.0,23.0,24.0,66.4,3.2609,2.0,2.0,6.0,2.0
128.0,45.0,36.0,1.0,0.0,3.0,0.0,0.0,0.0,0.0,33.0,7.0,2.0,1.0,0.0,3.0,0.0,5.0,0.0,213.0,215.0,1315.8,-15.02939,43.0,41.0,95.0,4.0
19.0,3.0,1.0,0.0,0.0,0.0,1.0,0.0,0.0,0.0,0.0,1.0,1.0,0.0,2.0,1.0,0.0,0.0,0.0,24.0,27.0,47.86,2.6194,2.0,4.0,4.0,4.0
18.0,3.0,2.0,0.0,0.0,0.0,2.0,0.0,0.0,0.0,0.0,0.0,0.0,0.0,2.0,2.0,0.0,2.0,0.0,25.0,28.0,54.26,3.5636,0.0,4.0,1.0,4.0
23.0,3.0,2.0,0.0,0.0,0.0,2.0,0.0,0.0,0.0,1.0,0.0,0.0,0.0,2.0,2.0,0.0,0.0,3.0,30.0,33.0,44.81,4.8593,1.0,4.0,7.0,4.0
193.0,48.0,57.0,0.0,0.0,0.0,0.0,0.0,0.0,0.0,4.0,37.0,28.0,25.0,5.0,0.0,0.0,5.0,0.0,298.0,307.0,1744.51,-5.85516,71.0,72.0,163.0,10.0
15.0,4.0,0.0,1.0,0.0,0.0,0.0,0.0,0.0,0.0,0.0,0.0,0.0,0.0,0.0,0.0,0.0,2.0,1.0,20.0,22.0,44.28,3.2076,2.0,2.0,2.0,3.0
20.0,2.0,0.0,0.0,0.0,0.0,0.0,0.0,0.0,0.0,0.0,0.0,0.0,0.0,1.0,0.0,0.0,0.0,0.0,22.0,24.0,6.48,4.3398,0.0,2.0,4.0,3.0
20.0,2.0,4.0,1.0,0.0,0.0,0.0,0.0,0.0,0.0,1.0,1.0,0.0,0.0,2.0,0.0,1.0,2.0,1.0,27.0,30.0,75.71,2.5522,1.0,5.0,6.0,4.0
16.0,2.0,1.0,0.0,0.0,0.0,1.0,0.0,0.0,0.0,0.0,1.0,1.0,0.0,2.0,1.0,0.0,2.0,0.0,20.0,23.0,35.5,2.4508,2.0,3.0,1.0,4.0
18.0,2.0,0.0,1.0,0.0,0.0,0.0,0.0,0.0,0.0,0.0,1.0,0.0,0.0,2.0,0.0,0.0,0.0,2.0,21.0,23.0,15.27,3.86424,1.0,3.0,3.0,3.0
24.0,2.0,4.0,0.0,0.0,0.0,0.0,0.0,0.0,0.0,0.0,1.0,1.0,0.0,3.0,0.0,0.0,1.0,0.0,30.0,33.0,75.74,3.8333,3.0,5.0,10.0,4.0
20.0,1.0,1.0,0.0,0.0,0.0,0.0,0.0,0.0,0.0,0.0,0.0,1.0,0.0,1.0,0.0,0.0,0.0,1.0,22.0,24.0,23.47,4.3305,1.0,2.0,5.0,3.0
20.0,2.0,1.0,1.0,0.0,0.0,2.0,0.0,0.0,0.0,1.0,0.0,0.0,0.0,1.0,2.0,0.0,2.0,1.0,26.0,29.0,23.55,4.8192,0.0,3.0,4.0,4.0
27.0,3.0,6.0,1.0,0.0,0.0,0.0,0.0,0.0,0.0,4.0,0.0,0.0,0.0,2.0,0.0,1.0,0.0,1.0,37.0,40.0,121.88,3.5185,2.0,6.0,7.0,4.0
19.0,7.0,6.0,0.0,0.0,0.0,0.0,0.0,0.0,0.0,1.0,4.0,2.0,2.0,2.0,0.0,0.0,0.0,4.0,32.0,34.0,211.56,-0.282,8.0,9.0,9.0,3.0
19.0,2.0,4.0,0.0,0.0,0.0,0.0,0.0,0.0,0.0,1.0,1.0,2.0,0.0,2.0,0.0,0.0,0.0,0.0,25.0,26.0,90.82,2.2233,4.0,5.0,9.0,2.0
82.0,23.0,25.0,0.0,0.0,0.0,0.0,0.0,0.0,0.0,2.0,16.0,12.0,11.0,2.0,0.0,0.0,4.0,0.0,130.0,135.0,800.52,-5.01803,32.0,32.0,68.0,6.0
53.0,14.0,12.0,0.0,0.0,0.0,0.0,0.0,0.0,0.0,1.0,11.0,6.0,5.0,2.0,0.0,0.0,1.0,0.0,79.0,81.0,437.22,-1.12303,19.0,18.0,41.0,3.0
18.0,4.0,0.0,0.0,0.0,0.0,1.0,0.0,0.0,0.0,0.0,0.0,0.0,0.0,2.0,1.0,0.0,1.0,3.0,23.0,26.0,35.16,3.5385,1.0,3.0,3.0,4.0
49.0,13.0,14.0,0.0,0.0,0.0,0.0,0.0,0.0,0.0,1.0,10.0,7.0,6.0,2.0,0.0,0.0,2.0,0.0,76.0,79.0,466.98,-1.7206,20.0,18.0,38.0,4.0
26.0,3.0,2.0,1.0,0.0,3.0,0.0,0.0,0.0,0.0,0.0,0.0,0.0,0.0,2.0,3.0,0.0,0.0,6.0,35.0,39.0,28.18,5.4689,0.0,6.0,7.0,5.0
23.0,1.0,3.0,0.0,0.0,0.0,0.0,0.0,0.0,0.0,0.0,0.0,0.0,0.0,2.0,0.0,0.0,0.0,2.0,27.0,29.0,38.77,4.1854,0.0,4.0,7.0,3.0
21.0,3.0,0.0,1.0,0.0,3.0,0.0,0.0,0.0,0.0,0.0,0.0,0.0,0.0,2.0,3.0,0.0,0.0,4.0,28.0,31.0,12.12,2.1114,2.0,2.0,4.0,4.0
11.0,3.0,3.0,0.0,0.0,0.0,0.0,0.0,0.0,0.0,0.0,1.0,0.0,0.0,1.0,0.0,0.0,1.0,0.0,17.0,18.0,106.15,2.13887,2.0,4.0,3.0,2.0
25.0,6.0,4.0,1.0,0.0,0.0,0.0,0.0,0.0,0.0,0.0,1.0,0.0,0.0,2.0,0.0,1.0,3.0,2.0,36.0,39.0,122.21,2.8275,2.0,8.0,11.0,4.0
22.0,0.0,5.0,0.0,0.0,0.0,0.0,0.0,0.0,0.0,0.0,0.0,3.0,0.0,0.0,0.0,0.0,0.0,0.0,27.0,30.0,94.83,1.7237,3.0,5.0,2.0,4.0
20.0,3.0,2.0,0.0,0.0,0.0,0.0,0.0,0.0,0.0,0.0,0.0,0.0,0.0,2.0,0.0,0.0,2.0,1.0,25.0,28.0,50.26,3.0455,1.0,4.0,5.0,4.0
36.0,0.0,8.0,0.0,0.0,0.0,0.0,0.0,0.0,0.0,0.0,0.0,6.0,0.0,0.0,0.0,0.0,0.0,1.0,44.0,48.0,139.84,4.3248,6.0,8.0,7.0,5.0
31.0,4.0,2.0,0.0,0.0,0.0,0.0,0.0,0.0,0.0,0.0,0.0,0.0,0.0,3.0,0.0,0.0,2.0,1.0,37.0,41.0,71.03,5.39008,0.0,6.0,7.0,5.0
17.0,3.0,6.0,2.0,0.0,0.0,0.0,0.0,0.0,0.0,2.0,0.0,1.0,1.0,1.0,0.0,0.0,0.0,2.0,28.0,30.0,125.9,0.4754,2.0,8.0,7.0,3.0
24.0,1.0,4.0,0.0,0.0,1.0,0.0,0.0,0.0,0.0,0.0,0.0,3.0,1.0,2.0,1.0,0.0,1.0,0.0,30.0,32.0,82.69,4.6281,3.0,4.0,8.0,3.0
29.0,1.0,7.0,0.0,0.0,0.0,0.0,0.0,0.0,0.0,1.0,0.0,1.0,1.0,1.0,0.0,0.0,0.0,0.0,37.0,40.0,111.16,4.07,2.0,6.0,12.0,4.0
71.0,15.0,21.0,1.0,0.0,0.0,0.0,0.0,0.0,0.0,1.0,11.0,10.0,10.0,3.0,0.0,0.0,3.0,0.0,108.0,113.0,586.12,-1.2423,23.0,26.0,53.0,6.0
38.0,6.0,7.0,0.0,0.0,0.0,0.0,0.0,0.0,0.0,4.0,0.0,1.0,0.0,3.0,0.0,0.0,0.0,1.0,51.0,53.0,171.22,4.2116,5.0,9.0,14.0,3.0
32.0,0.0,13.0,1.0,0.0,0.0,0.0,0.0,0.0,0.0,0.0,0.0,3.0,0.0,2.0,0.0,0.0,4.0,3.0,46.0,53.0,160.83,2.7529,3.0,14.0,6.0,8.0
15.0,3.0,4.0,1.0,0.0,0.0,0.0,0.0,0.0,0.0,0.0,0.0,1.0,0.0,2.0,0.0,1.0,0.0,3.0,23.0,25.0,102.83,1.0029,2.0,4.0,1.0,3.0
22.0,2.0,1.0,0.0,0.0,0.0,0.0,0.0,0.0,0.0,1.0,0.0,0.0,0.0,2.0,0.0,0.0,0.0,1.0,25.0,27.0,24.75,2.7196,1.0,1.0,6.0,3.0
17.0,1.0,1.0,0.0,0.0,3.0,0.0,0.0,0.0,0.0,0.0,1.0,0.0,0.0,2.0,3.0,0.0,0.0,0.0,22.0,23.0,21.26,4.435,1.0,2.0,6.0,2.0
16.0,1.0,0.0,0.0,0.0,0.0,0.0,0.0,0.0,0.0,0.0,0.0,0.0,0.0,2.0,0.0,0.0,1.0,0.0,17.0,20.0,16.61,2.1243,1.0,0.0,0.0,4.0
16.0,3.0,3.0,0.0,0.0,1.0,0.0,0.0,0.0,0.0,1.0,1.0,0.0,0.0,2.0,1.0,0.0,0.0,0.0,23.0,25.0,77.42,0.6283,1.0,3.0,2.0,3.0
28.0,2.0,2.0,0.0,0.0,0.0,0.0,0.0,0.0,0.0,0.0,0.0,1.0,1.0,3.0,0.0,0.0,0.0,1.0,32.0,35.0,64.33,5.00478,1.0,3.0,7.0,4.0
22.0,2.0,8.0,0.0,0.0,0.0,0.0,0.0,0.0,0.0,1.0,0.0,5.0,0.0,1.0,0.0,0.0,0.0,0.0,32.0,35.0,181.62,-0.5042,6.0,9.0,2.0,4.0
76.0,16.0,15.0,0.0,0.0,0.0,0.0,0.0,0.0,0.0,1.0,12.0,7.0,7.0,5.0,0.0,0.0,3.0,0.0,107.0,114.0,509.91,3.438,23.0,20.0,50.0,8.0
27.0,2.0,2.0,0.0,0.0,0.0,0.0,0.0,0.0,0.0,1.0,0.0,1.0,0.0,3.0,0.0,0.0,1.0,0.0,31.0,34.0,43.78,4.0848,1.0,3.0,7.0,4.0
19.0,4.0,3.0,0.0,0.0,1.0,0.0,0.0,0.0,0.0,0.0,1.0,1.0,1.0,2.0,1.0,0.0,1.0,2.0,27.0,31.0,101.45,1.7422,2.0,6.0,3.0,5.0
27.0,6.0,0.0,0.0,0.0,0.0,0.0,0.0,0.0,0.0,0.0,1.0,0.0,0.0,3.0,0.0,0.0,1.0,4.0,33.0,37.0,60.08,4.9355,2.0,5.0,7.0,5.0
28.0,2.0,7.0,0.0,0.0,0.0,0.0,0.0,0.0,0.0,0.0,0.0,1.0,0.0,4.0,0.0,0.0,0.0,5.0,37.0,42.0,119.85,3.15872,2.0,8.0,4.0,6.0
92.0,28.0,35.0,0.0,0.0,0.0,0.0,0.0,0.0,0.0,0.0,23.0,18.0,17.0,1.0,0.0,0.0,3.0,0.0,155.0,157.0,1066.6,-7.34056,44.0,41.0,90.0,3.0
8.0,4.0,4.0,0.0,0.0,0.0,0.0,0.0,0.0,0.0,0.0,1.0,2.0,0.0,1.0,0.0,0.0,1.0,3.0,16.0,17.0,123.49,-2.1388,3.0,8.0,2.0,2.0
83.0,37.0,19.0,1.0,0.0,0.0,0.0,0.0,0.0,0.0,1.0,29.0,9.0,9.0,1.0,0.0,0.0,2.0,0.0,140.0,142.0,985.92,-8.56918,46.0,35.0,83.0,3.0
18.0,2.0,4.0,1.0,0.0,4.0,0.0,0.0,0.0,0.0,1.0,0.0,1.0,0.0,2.0,4.0,0.0,0.0,0.0,29.0,30.0,107.26,2.87958,2.0,5.0,5.0,2.0
18.0,9.0,4.0,3.0,0.0,0.0,0.0,0.0,0.0,0.0,2.0,1.0,1.0,1.0,0.0,0.0,0.0,6.0,1.0,34.0,37.0,172.46,-0.6532,3.0,13.0,10.0,4.0
22.0,3.0,5.0,0.0,0.0,0.0,0.0,0.0,0.0,0.0,1.0,1.0,1.0,1.0,1.0,0.0,0.0,0.0,2.0,30.0,32.0,99.18,1.5955,2.0,6.0,8.0,3.0
205.0,59.0,64.0,6.0,0.0,0.0,0.0,0.0,0.0,0.0,2.0,49.0,34.0,28.0,4.0,0.0,0.0,5.0,0.0,334.0,342.0,2039.66,-14.96969,95.0,92.0,194.0,9.0
22.0,2.0,9.0,0.0,0.0,0.0,0.0,0.0,0.0,0.0,1.0,0.0,6.0,0.0,1.0,0.0,0.0,0.0,0.0,33.0,36.0,201.85,-1.4002,7.0,10.0,2.0,4.0
15.0,2.0,1.0,0.0,0.0,0.0,1.0,0.0,0.0,0.0,1.0,1.0,0.0,0.0,2.0,1.0,0.0,0.0,0.0,19.0,21.0,32.34,3.8203,1.0,2.0,1.0,3.0
22.0,3.0,3.0,0.0,0.0,0.0,0.0,0.0,0.0,0.0,1.0,0.0,0.0,0.0,2.0,0.0,0.0,2.0,3.0,28.0,32.0,54.04,2.2549,1.0,5.0,3.0,5.0
21.0,1.0,5.0,0.0,0.0,0.0,0.0,0.0,0.0,0.0,1.0,0.0,0.0,0.0,2.0,0.0,0.0,0.0,0.0,27.0,28.0,81.7,2.9093,1.0,5.0,7.0,2.0
44.0,11.0,12.0,2.0,0.0,0.0,0.0,0.0,0.0,0.0,1.0,8.0,6.0,5.0,2.0,0.0,0.0,2.0,0.0,69.0,71.0,388.73,-1.1422,18.0,18.0,35.0,3.0
26.0,2.0,4.0,0.0,0.0,0.0,0.0,0.0,0.0,0.0,2.0,0.0,0.0,0.0,1.0,0.0,0.0,0.0,2.0,33.0,35.0,59.08,4.3128,0.0,5.0,9.0,4.0
132.0,34.0,42.0,6.0,0.0,0.0,0.0,0.0,0.0,0.0,1.0,29.0,23.0,18.0,2.0,0.0,0.0,4.0,0.0,214.0,218.0,1241.64,-8.2114,60.0,62.0,125.0,5.0
27.0,4.0,2.0,0.0,0.0,0.0,1.0,0.0,0.0,0.0,1.0,0.0,0.0,0.0,2.0,1.0,0.0,3.0,0.0,34.0,37.0,59.39,5.77612,1.0,5.0,9.0,4.0
12.0,1.0,1.0,0.0,0.0,0.0,0.0,0.0,0.0,0.0,0.0,0.0,0.0,0.0,2.0,0.0,0.0,0.0,1.0,14.0,15.0,22.0,2.14592,0.0,2.0,1.0,2.0
16.0,1.0,0.0,1.0,0.0,0.0,0.0,0.0,0.0,0.0,0.0,0.0,0.0,0.0,0.0,0.0,0.0,1.0,1.0,18.0,20.0,3.24,4.6394,0.0,2.0,2.0,3.0
20.0,1.0,4.0,0.0,0.0,0.0,0.0,0.0,0.0,0.0,0.0,0.0,0.0,0.0,3.0,0.0,0.0,2.0,1.0,25.0,29.0,40.8,3.0963,0.0,4.0,2.0,5.0
9.0,6.0,0.0,0.0,0.0,0.0,0.0,0.0,0.0,0.0,0.0,0.0,0.0,0.0,1.0,0.0,0.0,0.0,3.0,15.0,15.0,48.39,0.0696,0.0,6.0,3.0,1.0
19.0,1.0,1.0,0.0,0.0,0.0,0.0,0.0,0.0,0.0,0.0,0.0,0.0,0.0,2.0,0.0,0.0,0.0,0.0,21.0,23.0,12.47,3.9624,0.0,2.0,3.0,3.0
52.0,6.0,18.0,0.0,0.0,0.0,0.0,0.0,0.0,0.0,6.0,0.0,0.0,0.0,0.0,0.0,0.0,0.0,0.0,76.0,76.0,332.4,1.5663,6.0,18.0,7.0,1.0
12.0,2.0,2.0,0.0,0.0,0.0,0.0,0.0,0.0,0.0,0.0,1.0,0.0,0.0,1.0,0.0,0.0,0.0,4.0,16.0,18.0,33.73,0.8674,1.0,4.0,1.0,3.0
18.0,4.0,1.0,0.0,0.0,3.0,0.0,0.0,0.0,0.0,1.0,0.0,0.0,0.0,1.0,3.0,0.0,1.0,3.0,26.0,28.0,42.13,0.627,1.0,2.0,6.0,3.0
51.0,12.0,18.0,0.0,0.0,0.0,0.0,0.0,0.0,0.0,0.0,11.0,10.0,8.0,1.0,0.0,0.0,1.0,0.0,81.0,82.0,502.41,-3.5549,21.0,22.0,45.0,2.0
187.0,48.0,57.0,7.0,0.0,0.0,0.0,0.0,0.0,0.0,2.0,44.0,30.0,25.0,5.0,0.0,0.0,1.0,0.0,299.0,304.0,1774.17,-9.65843,83.0,83.0,182.0,6.0
14.0,3.0,2.0,0.0,0.0,0.0,0.0,0.0,0.0,0.0,1.0,0.0,0.0,0.0,1.0,0.0,0.0,2.0,0.0,19.0,21.0,58.8,1.5132,1.0,4.0,1.0,3.0
9.0,1.0,1.0,0.0,0.0,0.0,2.0,0.0,0.0,0.0,0.0,0.0,1.0,0.0,2.0,2.0,0.0,0.0,1.0,13.0,14.0,33.12,3.2472,1.0,2.0,0.0,2.0
14.0,1.0,2.0,0.0,0.0,0.0,2.0,0.0,0.0,0.0,0.0,1.0,1.0,1.0,2.0,2.0,0.0,0.0,0.0,19.0,20.0,49.33,4.3641,2.0,2.0,4.0,2.0
10.0,1.0,1.0,1.0,0.0,0.0,0.0,0.0,0.0,0.0,0.0,0.0,0.0,0.0,0.0,0.0,0.0,2.0,1.0,13.0,15.0,12.47,1.5602,0.0,3.0,0.0,4.0
16.0,2.0,6.0,0.0,0.0,0.0,0.0,0.0,0.0,0.0,0.0,0.0,2.0,0.0,1.0,0.0,0.0,0.0,1.0,24.0,24.0,109.19,0.51612,2.0,8.0,9.0,1.0
128.0,45.0,36.0,1.0,0.0,3.0,0.0,0.0,0.0,0.0,33.0,7.0,2.0,1.0,0.0,3.0,0.0,5.0,0.0,213.0,215.0,1315.8,-15.02939,43.0,41.0,95.0,4.0
8.0,1.0,3.0,0.0,0.0,0.0,0.0,0.0,0.0,0.0,0.0,0.0,2.0,0.0,1.0,0.0,0.0,0.0,1.0,12.0,12.0,70.42,0.40042,2.0,4.0,2.0,1.0
18.0,4.0,1.0,1.0,0.0,1.0,0.0,0.0,0.0,0.0,0.0,0.0,0.0,0.0,2.0,1.0,0.0,1.0,4.0,25.0,28.0,51.14,3.89004,0.0,6.0,3.0,4.0
25.0,6.0,4.0,1.0,0.0,0.0,0.0,0.0,0.0,0.0,0.0,1.0,0.0,0.0,2.0,0.0,1.0,3.0,2.0,36.0,39.0,122.21,2.8275,2.0,8.0,11.0,4.0
44.0,9.0,11.0,0.0,0.0,0.0,0.0,0.0,0.0,0.0,0.0,6.0,6.0,5.0,3.0,0.0,0.0,3.0,0.0,64.0,69.0,327.72,0.781,14.0,13.0,26.0,6.0
14.0,0.0,4.0,0.0,0.0,0.0,0.0,0.0,0.0,0.0,0.0,0.0,0.0,0.0,2.0,0.0,0.0,0.0,0.0,18.0,19.0,52.6,2.6154,0.0,4.0,2.0,2.0
12.0,1.0,0.0,0.0,0.0,0.0,0.0,0.0,0.0,0.0,0.0,1.0,0.0,0.0,0.0,0.0,0.0,0.0,0.0,13.0,15.0,26.02,2.6941,1.0,1.0,0.0,4.0
18.0,7.0,1.0,2.0,0.0,0.0,0.0,0.0,0.0,0.0,1.0,1.0,0.0,0.0,2.0,0.0,0.0,3.0,3.0,28.0,32.0,109.92,2.51364,2.0,9.0,3.0,5.0
23.0,3.0,3.0,0.0,0.0,0.0,0.0,0.0,0.0,0.0,0.0,0.0,1.0,1.0,3.0,0.0,0.0,2.0,1.0,29.0,33.0,77.24,4.2842,1.0,5.0,5.0,5.0
21.0,3.0,2.0,1.0,0.0,1.0,0.0,0.0,0.0,0.0,0.0,0.0,0.0,0.0,2.0,1.0,0.0,2.0,2.0,28.0,31.0,55.2,2.93392,0.0,6.0,5.0,4.0
16.0,1.0,1.0,0.0,0.0,0.0,1.0,0.0,0.0,0.0,0.0,0.0,0.0,0.0,2.0,1.0,0.0,1.0,0.0,19.0,22.0,25.84,2.8901,1.0,1.0,0.0,4.0
58.0,13.0,17.0,0.0,0.0,0.0,0.0,0.0,0.0,0.0,1.0,9.0,8.0,8.0,0.0,0.0,0.0,3.0,0.0,88.0,90.0,487.46,0.0791,18.0,21.0,46.0,3.0
21.0,0.0,3.0,0.0,0.0,0.0,2.0,0.0,0.0,0.0,0.0,0.0,0.0,0.0,2.0,2.0,0.0,0.0,0.0,26.0,28.0,35.53,6.1133,0.0,3.0,6.0,3.0
19.0,5.0,2.0,1.0,0.0,3.0,0.0,0.0,0.0,0.0,3.0,0.0,0.0,0.0,1.0,3.0,0.0,3.0,1.0,30.0,32.0,101.21,3.83502,2.0,5.0,4.0,3.0
161.0,72.0,47.0,5.0,0.0,0.0,0.0,0.0,0.0,0.0,2.0,55.0,23.0,22.0,1.0,0.0,0.0,4.0,0.0,285.0,288.0,2080.59,-21.03763,97.0,76.0,176.0,4.0
11.0,3.0,5.0,1.0,0.0,0.0,2.0,0.0,0.0,0.0,0.0,0.0,1.0,0.0,2.0,2.0,1.0,0.0,2.0,22.0,23.0,123.33,0.2815,3.0,5.0,4.0,2.0
16.0,3.0,3.0,1.0,0.0,0.0,0.0,0.0,0.0,0.0,0.0,0.0,1.0,0.0,2.0,0.0,0.0,2.0,1.0,23.0,25.0,88.1,2.59674,2.0,5.0,4.0,3.0
56.0,15.0,19.0,0.0,0.0,0.0,0.0,0.0,0.0,0.0,1.0,11.0,10.0,8.0,1.0,0.0,0.0,3.0,0.0,90.0,93.0,558.6,-3.65583,23.0,23.0,45.0,4.0
8.0,5.0,4.0,0.0,1.0,0.0,0.0,0.0,0.0,0.0,0.0,1.0,2.0,0.0,1.0,0.0,0.0,2.0,2.0,18.0,19.0,136.38,-0.4397,3.0,7.0,5.0,2.0
48.0,16.0,12.0,0.0,0.0,0.0,0.0,0.0,0.0,0.0,1.0,13.0,6.0,5.0,2.0,0.0,0.0,0.0,0.0,76.0,77.0,509.87,-3.58846,22.0,18.0,41.0,2.0
18.0,0.0,16.0,0.0,0.0,0.0,0.0,0.0,0.0,0.0,0.0,0.0,11.0,0.0,0.0,0.0,0.0,1.0,2.0,34.0,36.0,268.68,-7.5714,11.0,16.0,8.0,3.0
18.0,3.0,1.0,0.0,0.0,0.0,0.0,0.0,0.0,0.0,1.0,0.0,0.0,0.0,2.0,0.0,0.0,0.0,0.0,22.0,24.0,26.79,2.9763,0.0,3.0,3.0,3.0
12.0,2.0,0.0,1.0,0.0,0.0,0.0,0.0,0.0,0.0,0.0,1.0,0.0,0.0,1.0,0.0,0.0,0.0,2.0,15.0,16.0,24.39,3.20824,1.0,3.0,1.0,2.0
21.0,1.0,4.0,0.0,0.0,0.0,0.0,0.0,0.0,0.0,0.0,0.0,2.0,0.0,1.0,0.0,0.0,1.0,1.0,26.0,30.0,70.0,2.0816,2.0,5.0,2.0,5.0
20.0,5.0,6.0,0.0,0.0,0.0,0.0,0.0,0.0,0.0,1.0,1.0,2.0,2.0,2.0,0.0,0.0,1.0,2.0,31.0,33.0,191.26,0.6664,6.0,6.0,9.0,3.0
10.0,6.0,1.0,0.0,0.0,0.0,0.0,0.0,0.0,0.0,0.0,0.0,0.0,0.0,2.0,0.0,0.0,4.0,2.0,17.0,19.0,88.83,0.18302,1.0,6.0,1.0,3.0
24.0,4.0,2.0,0.0,0.0,2.0,0.0,0.0,0.0,0.0,1.0,1.0,1.0,0.0,2.0,2.0,0.0,0.0,2.0,32.0,35.0,91.48,3.0676,3.0,5.0,6.0,4.0
45.0,13.0,11.0,0.0,0.0,0.0,0.0,0.0,0.0,0.0,1.0,10.0,5.0,5.0,1.0,0.0,0.0,1.0,0.0,69.0,70.0,404.96,-1.25223,17.0,16.0,37.0,2.0
21.0,3.0,6.0,1.0,0.0,1.0,0.0,0.0,0.0,0.0,0.0,0.0,1.0,1.0,2.0,1.0,0.0,2.0,2.0,32.0,36.0,109.13,2.63982,1.0,9.0,4.0,5.0
48.0,2.0,17.0,0.0,0.0,0.0,0.0,0.0,0.0,0.0,0.0,0.0,5.0,0.0,2.0,0.0,0.0,0.0,6.0,67.0,75.0,241.91,3.1068,5.0,19.0,9.0,9.0
23.0,2.0,4.0,0.0,0.0,0.0,1.0,0.0,0.0,0.0,0.0,0.0,0.0,0.0,3.0,1.0,0.0,1.0,1.0,30.0,33.0,73.44,5.8734,1.0,5.0,6.0,4.0
34.0,5.0,5.0,0.0,0.0,0.0,0.0,0.0,0.0,0.0,3.0,1.0,1.0,0.0,1.0,0.0,0.0,3.0,2.0,44.0,51.0,114.45,1.5581,3.0,7.0,4.0,8.0
37.0,6.0,5.0,2.0,0.0,0.0,0.0,0.0,0.0,0.0,4.0,0.0,1.0,0.0,2.0,0.0,0.0,4.0,0.0,50.0,53.0,145.78,5.9052,4.0,9.0,17.0,4.0
16.0,2.0,3.0,0.0,0.0,0.0,0.0,0.0,0.0,0.0,0.0,1.0,1.0,0.0,1.0,0.0,0.0,0.0,2.0,21.0,23.0,63.61,1.6708,2.0,5.0,5.0,3.0
18.0,8.0,7.0,3.0,0.0,0.0,0.0,0.0,0.0,0.0,2.0,1.0,1.0,1.0,1.0,0.0,0.0,2.0,4.0,36.0,39.0,214.96,-1.6113,4.0,14.0,8.0,4.0
13.0,3.0,4.0,2.0,0.0,0.0,0.0,0.0,0.0,0.0,0.0,0.0,1.0,0.0,1.0,0.0,1.0,1.0,3.0,22.0,24.0,102.83,1.0644,2.0,5.0,1.0,3.0
33.0,2.0,5.0,0.0,0.0,1.0,0.0,0.0,0.0,0.0,1.0,0.0,3.0,1.0,3.0,1.0,0.0,1.0,0.0,41.0,44.0,111.79,6.3136,4.0,5.0,12.0,4.0
22.0,1.0,7.0,0.0,0.0,0.0,0.0,0.0,0.0,0.0,0.0,1.0,4.0,0.0,2.0,0.0,0.0,0.0,0.0,30.0,33.0,158.15,1.26504,5.0,8.0,1.0,4.0
11.0,2.0,2.0,0.0,0.0,0.0,0.0,0.0,0.0,0.0,0.0,0.0,0.0,0.0,0.0,0.0,0.0,3.0,0.0,15.0,16.0,44.12,1.1618,0.0,4.0,3.0,2.0
23.0,3.0,6.0,1.0,0.0,0.0,0.0,0.0,0.0,0.0,2.0,0.0,0.0,0.0,1.0,0.0,0.0,1.0,0.0,33.0,35.0,97.41,1.7495,1.0,8.0,10.0,3.0
21.0,0.0,12.0,0.0,0.0,0.0,0.0,0.0,0.0,0.0,0.0,0.0,8.0,0.0,3.0,0.0,0.0,0.0,2.0,33.0,36.0,210.51,-0.5389,8.0,12.0,4.0,4.0
23.0,7.0,0.0,0.0,0.0,0.0,0.0,0.0,0.0,0.0,0.0,0.0,0.0,0.0,4.0,0.0,0.0,0.0,7.0,30.0,34.0,70.93,3.3222,0.0,7.0,4.0,5.0
118.0,31.0,33.0,2.0,0.0,0.0,0.0,0.0,0.0,0.0,1.0,29.0,17.0,15.0,2.0,0.0,0.0,1.0,0.0,184.0,186.0,1077.66,-4.3116,48.0,49.0,115.0,3.0
20.0,1.0,3.0,2.0,0.0,0.0,0.0,0.0,0.0,0.0,1.0,0.0,0.0,0.0,2.0,0.0,0.0,0.0,0.0,26.0,27.0,63.24,3.9793,1.0,4.0,8.0,2.0
16.0,7.0,1.0,1.0,0.0,0.0,0.0,0.0,0.0,0.0,1.0,1.0,0.0,0.0,2.0,0.0,0.0,1.0,4.0,25.0,28.0,109.92,1.29894,2.0,8.0,3.0,4.0
16.0,2.0,2.0,0.0,0.0,0.0,0.0,0.0,0.0,0.0,0.0,0.0,0.0,0.0,0.0,0.0,0.0,1.0,2.0,20.0,22.0,45.33,1.96282,1.0,3.0,3.0,3.0
23.0,5.0,7.0,1.0,0.0,0.0,0.0,0.0,0.0,0.0,6.0,0.0,1.0,1.0,1.0,0.0,0.0,1.0,2.0,36.0,39.0,156.43,-0.2403,3.0,7.0,6.0,4.0
9.0,2.0,2.0,0.0,0.0,0.0,0.0,1.0,0.0,0.0,0.0,1.0,1.0,0.0,0.0,1.0,0.0,2.0,0.0,14.0,14.0,58.29,1.8586,2.0,4.0,3.0,1.0
23.0,4.0,3.0,0.0,0.0,1.0,0.0,0.0,0.0,0.0,0.0,0.0,1.0,0.0,2.0,1.0,0.0,2.0,3.0,31.0,35.0,84.39,3.08132,1.0,7.0,4.0,5.0
18.0,2.0,2.0,0.0,0.0,0.0,0.0,0.0,0.0,0.0,2.0,0.0,0.0,0.0,2.0,0.0,0.0,2.0,0.0,22.0,24.0,40.62,3.3977,0.0,2.0,4.0,3.0
54.0,14.0,16.0,1.0,0.0,0.0,0.0,0.0,0.0,0.0,1.0,10.0,8.0,7.0,2.0,0.0,0.0,2.0,0.0,85.0,88.0,503.03,-3.00383,20.0,21.0,44.0,4.0
22.0,2.0,4.0,0.0,0.0,0.0,0.0,0.0,0.0,0.0,0.0,0.0,0.0,0.0,3.0,0.0,0.0,0.0,1.0,28.0,30.0,63.1,4.30062,0.0,4.0,6.0,3.0
16.0,5.0,4.0,3.0,0.0,0.0,0.0,0.0,0.0,0.0,2.0,0.0,1.0,1.0,0.0,0.0,0.0,4.0,1.0,28.0,31.0,128.28,0.9396,3.0,8.0,7.0,4.0
23.0,2.0,5.0,2.0,0.0,0.0,0.0,0.0,0.0,0.0,1.0,1.0,1.0,1.0,1.0,0.0,0.0,1.0,0.0,32.0,34.0,95.94,2.9719,2.0,7.0,10.0,3.0
29.0,3.0,5.0,0.0,0.0,0.0,0.0,0.0,0.0,0.0,0.0,0.0,0.0,0.0,3.0,0.0,0.0,1.0,3.0,37.0,43.0,90.85,3.3664,0.0,8.0,4.0,7.0
75.0,17.0,21.0,0.0,0.0,0.0,0.0,0.0,0.0,0.0,0.0,13.0,11.0,10.0,2.0,0.0,0.0,4.0,0.0,113.0,118.0,617.1,-0.9858,25.0,27.0,57.0,6.0
68.0,8.0,24.0,0.0,0.0,0.0,2.0,0.0,0.0,0.0,7.0,1.0,10.0,0.0,7.0,2.0,0.0,0.0,1.0,102.0,113.0,504.47,2.84052,18.0,25.0,5.0,14.0
19.0,1.0,3.0,0.0,0.0,0.0,0.0,0.0,0.0,0.0,0.0,0.0,1.0,0.0,1.0,0.0,0.0,1.0,0.0,23.0,25.0,46.53,2.4563,1.0,3.0,4.0,3.0
17.0,3.0,1.0,0.0,0.0,0.0,0.0,0.0,0.0,0.0,1.0,0.0,0.0,0.0,2.0,0.0,0.0,0.0,3.0,21.0,23.0,36.44,2.0396,0.0,3.0,3.0,3.0
29.0,1.0,2.0,0.0,0.0,0.0,0.0,0.0,0.0,0.0,0.0,0.0,1.0,0.0,1.0,0.0,0.0,0.0,0.0,32.0,36.0,40.54,5.4065,1.0,3.0,2.0,5.0
11.0,3.0,3.0,1.0,0.0,0.0,0.0,0.0,0.0,0.0,0.0,2.0,0.0,0.0,1.0,0.0,1.0,2.0,0.0,18.0,19.0,98.22,1.67444,2.0,5.0,3.0,2.0
11.0,3.0,2.0,0.0,0.0,0.0,0.0,0.0,0.0,0.0,0.0,0.0,0.0,0.0,1.0,0.0,0.0,2.0,1.0,16.0,17.0,78.61,0.8914,2.0,3.0,3.0,2.0
46.0,4.0,10.0,0.0,0.0,0.0,0.0,0.0,0.0,0.0,1.0,0.0,2.0,0.0,2.0,0.0,0.0,3.0,1.0,60.0,68.0,173.57,0.6833,5.0,10.0,8.0,9.0
22.0,0.0,2.0,0.0,0.0,0.0,0.0,0.0,0.0,0.0,0.0,0.0,1.0,0.0,0.0,0.0,0.0,0.0,0.0,24.0,27.0,37.3,4.0487,1.0,2.0,1.0,4.0
22.0,0.0,8.0,0.0,0.0,0.0,0.0,0.0,0.0,0.0,0.0,0.0,1.0,0.0,2.0,0.0,0.0,3.0,0.0,30.0,34.0,92.68,2.4092,1.0,8.0,4.0,5.0
105.0,40.0,29.0,2.0,0.0,0.0,0.0,0.0,0.0,0.0,1.0,31.0,15.0,13.0,0.0,0.0,0.0,4.0,0.0,176.0,177.0,1178.08,-9.21182,53.0,47.0,109.0,2.0
18.0,2.0,3.0,0.0,0.0,0.0,2.0,0.0,0.0,0.0,1.0,0.0,1.0,1.0,2.0,2.0,0.0,1.0,0.0,25.0,27.0,82.19,4.8248,3.0,2.0,4.0,3.0
18.0,3.0,3.0,0.0,0.0,2.0,0.0,0.0,0.0,0.0,1.0,0.0,1.0,0.0,1.0,2.0,0.0,2.0,1.0,26.0,29.0,67.59,2.5839,1.0,5.0,5.0,4.0
14.0,2.0,3.0,0.0,0.0,0.0,0.0,0.0,0.0,0.0,1.0,0.0,2.0,0.0,0.0,0.0,0.0,0.0,2.0,19.0,19.0,72.8,0.2543,3.0,4.0,3.0,1.0
21.0,2.0,4.0,0.0,0.0,0.0,1.0,0.0,0.0,0.0,2.0,0.0,1.0,0.0,2.0,1.0,0.0,0.0,0.0,28.0,30.0,87.66,2.93582,3.0,4.0,4.0,3.0
14.0,2.0,4.0,0.0,0.0,0.0,0.0,0.0,0.0,0.0,0.0,1.0,1.0,1.0,1.0,0.0,0.0,1.0,0.0,20.0,21.0,92.86,0.5636,2.0,5.0,5.0,2.0
52.0,16.0,14.0,1.0,0.0,0.0,0.0,0.0,0.0,0.0,0.0,13.0,7.0,7.0,2.0,0.0,0.0,1.0,0.0,83.0,85.0,524.39,-2.72546,22.0,20.0,44.0,3.0
129.0,32.0,43.0,6.0,0.0,0.0,0.0,0.0,0.0,0.0,1.0,29.0,23.0,19.0,2.0,0.0,0.0,2.0,0.0,210.0,213.0,1216.04,-7.8407,59.0,61.0,123.0,4.0
21.0,1.0,4.0,0.0,0.0,0.0,0.0,0.0,0.0,0.0,0.0,0.0,1.0,0.0,1.0,0.0,0.0,1.0,0.0,26.0,29.0,59.06,2.233,1.0,4.0,7.0,4.0
16.0,1.0,2.0,0.0,0.0,0.0,0.0,0.0,0.0,0.0,0.0,1.0,1.0,0.0,1.0,0.0,0.0,1.0,0.0,19.0,20.0,45.4,3.4167,2.0,3.0,4.0,2.0
32.0,4.0,2.0,0.0,0.0,0.0,0.0,0.0,0.0,0.0,2.0,0.0,0.0,0.0,4.0,0.0,0.0,2.0,0.0,38.0,43.0,78.09,6.50732,2.0,3.0,4.0,6.0
15.0,2.0,4.0,0.0,0.0,0.0,0.0,0.0,0.0,0.0,1.0,1.0,0.0,0.0,1.0,0.0,0.0,0.0,1.0,21.0,22.0,68.82,1.1942,2.0,5.0,5.0,2.0
29.0,7.0,11.0,2.0,0.0,0.0,0.0,0.0,0.0,0.0,0.0,5.0,6.0,5.0,0.0,0.0,0.0,2.0,0.0,49.0,50.0,287.35,-2.2369,13.0,15.0,23.0,2.0
114.0,30.0,29.0,1.0,0.0,0.0,0.0,0.0,0.0,0.0,1.0,27.0,15.0,13.0,3.0,0.0,0.0,2.0,0.0,174.0,177.0,991.89,-3.9561,44.0,45.0,108.0,4.0
14.0,4.0,3.0,0.0,0.0,0.0,0.0,0.0,0.0,0.0,0.0,0.0,2.0,0.0,2.0,0.0,0.0,0.0,2.0,21.0,22.0,82.17,0.5096,2.0,5.0,6.0,2.0
28.0,2.0,1.0,0.0,0.0,1.0,0.0,0.0,0.0,0.0,0.0,0.0,1.0,0.0,1.0,1.0,0.0,2.0,0.0,32.0,37.0,38.05,5.5578,1.0,3.0,1.0,6.0
14.0,2.0,2.0,0.0,0.0,0.0,1.0,0.0,0.0,0.0,1.0,0.0,0.0,0.0,1.0,1.0,0.0,0.0,2.0,19.0,20.0,41.57,1.7921,1.0,3.0,5.0,2.0
136.0,36.0,42.0,6.0,0.0,0.0,0.0,0.0,0.0,0.0,1.0,32.0,23.0,18.0,3.0,0.0,0.0,3.0,0.0,220.0,225.0,1280.27,-10.0323,62.0,65.0,130.0,6.0
3.0,0.0,4.0,0.0,1.0,0.0,0.0,0.0,0.0,0.0,0.0,0.0,2.0,0.0,0.0,0.0,0.0,0.0,0.0,8.0,8.0,70.06,-0.0911,2.0,2.0,1.0,1.0
23.0,0.0,11.0,0.0,0.0,0.0,0.0,0.0,0.0,0.0,0.0,0.0,3.0,2.0,4.0,0.0,0.0,0.0,2.0,34.0,37.0,173.71,2.1145,3.0,9.0,8.0,4.0
19.0,5.0,4.0,0.0,0.0,0.0,0.0,0.0,0.0,0.0,1.0,1.0,0.0,0.0,2.0,0.0,0.0,1.0,2.0,28.0,30.0,111.83,1.3507,2.0,8.0,8.0,3.0
19.0,6.0,5.0,3.0,0.0,0.0,0.0,0.0,0.0,0.0,2.0,1.0,1.0,1.0,0.0,0.0,0.0,4.0,1.0,33.0,36.0,160.1,1.29272,3.0,11.0,7.0,4.0
15.0,4.0,1.0,0.0,0.0,0.0,0.0,0.0,0.0,0.0,1.0,0.0,0.0,0.0,1.0,0.0,0.0,0.0,3.0,20.0,21.0,49.33,1.6995,0.0,4.0,5.0,2.0
13.0,2.0,2.0,1.0,0.0,0.0,1.0,0.0,0.0,0.0,2.0,0.0,0.0,0.0,1.0,1.0,0.0,2.0,0.0,19.0,20.0,49.41,2.63352,1.0,3.0,2.0,2.0
7.0,3.0,4.0,2.0,0.0,0.0,1.0,0.0,0.0,0.0,0.0,2.0,0.0,0.0,1.0,1.0,2.0,0.0,3.0,17.0,18.0,118.69,0.1299,2.0,5.0,1.0,2.0
18.0,2.0,0.0,0.0,0.0,0.0,0.0,0.0,0.0,0.0,0.0,1.0,0.0,0.0,2.0,0.0,0.0,0.0,1.0,20.0,23.0,15.27,3.5875,1.0,2.0,1.0,4.0
21.0,4.0,3.0,0.0,0.0,6.0,1.0,0.0,0.0,0.0,0.0,1.0,0.0,0.0,3.0,7.0,0.0,0.0,4.0,35.0,38.0,88.48,4.38,2.0,6.0,3.0,4.0
22.0,2.0,8.0,0.0,0.0,0.0,0.0,0.0,0.0,0.0,1.0,0.0,5.0,0.0,1.0,0.0,0.0,0.0,0.0,32.0,35.0,181.62,-0.4379,6.0,9.0,2.0,4.0
12.0,7.0,0.0,0.0,0.0,0.0,0.0,0.0,0.0,0.0,0.0,3.0,0.0,0.0,3.0,0.0,0.0,0.0,4.0,19.0,21.0,129.62,0.8334,3.0,7.0,1.0,3.0
19.0,1.0,1.0,1.0,0.0,0.0,0.0,0.0,0.0,0.0,0.0,0.0,0.0,0.0,3.0,0.0,0.0,0.0,0.0,22.0,24.0,12.47,4.94832,0.0,2.0,2.0,3.0
25.0,4.0,2.0,0.0,0.0,0.0,1.0,0.0,0.0,0.0,1.0,1.0,0.0,0.0,2.0,1.0,0.0,2.0,0.0,32.0,34.0,68.18,5.28982,2.0,5.0,10.0,3.0
14.0,5.0,2.0,0.0,0.0,0.0,0.0,0.0,0.0,0.0,0.0,0.0,0.0,0.0,1.0,0.0,0.0,5.0,1.0,21.0,24.0,78.34,1.97512,0.0,7.0,2.0,4.0
42.0,9.0,9.0,2.0,0.0,0.0,0.0,0.0,0.0,0.0,0.0,7.0,5.0,4.0,3.0,0.0,0.0,2.0,0.0,62.0,65.0,296.31,0.7676,15.0,15.0,29.0,4.0
29.0,1.0,5.0,0.0,0.0,0.0,0.0,0.0,0.0,0.0,1.0,0.0,0.0,0.0,0.0,0.0,0.0,0.0,0.0,35.0,35.0,81.7,6.8819,1.0,5.0,23.0,1.0
16.0,7.0,5.0,4.0,0.0,0.0,0.0,0.0,0.0,0.0,2.0,1.0,1.0,1.0,0.0,0.0,0.0,5.0,1.0,32.0,35.0,172.99,0.4582,3.0,13.0,8.0,4.0
18.0,4.0,1.0,0.0,0.0,3.0,0.0,0.0,0.0,0.0,1.0,0.0,0.0,0.0,1.0,3.0,0.0,1.0,3.0,26.0,28.0,42.13,0.627,1.0,2.0,6.0,3.0
44.0,14.0,9.0,0.0,0.0,0.0,0.0,0.0,0.0,0.0,0.0,11.0,5.0,4.0,1.0,0.0,0.0,1.0,0.0,67.0,68.0,394.67,-0.93636,18.0,15.0,35.0,2.0
16.0,3.0,1.0,0.0,0.0,0.0,1.0,0.0,0.0,0.0,0.0,1.0,1.0,0.0,2.0,1.0,0.0,0.0,0.0,21.0,23.0,47.86,3.3836,2.0,4.0,1.0,3.0
13.0,2.0,2.0,0.0,0.0,0.0,0.0,0.0,0.0,0.0,0.0,0.0,2.0,0.0,1.0,0.0,0.0,0.0,2.0,17.0,18.0,46.94,0.1618,2.0,4.0,4.0,2.0
18.0,1.0,1.0,1.0,0.0,0.0,1.0,0.0,0.0,0.0,0.0,0.0,0.0,0.0,2.0,1.0,0.0,0.0,0.0,22.0,24.0,12.47,4.8809,0.0,3.0,4.0,3.0
18.0,3.0,0.0,0.0,0.0,1.0,0.0,0.0,0.0,0.0,0.0,0.0,0.0,0.0,2.0,1.0,0.0,1.0,2.0,22.0,25.0,31.92,3.3028,1.0,2.0,3.0,4.0
22.0,1.0,0.0,0.0,0.0,0.0,0.0,0.0,0.0,0.0,0.0,0.0,0.0,0.0,2.0,0.0,0.0,1.0,0.0,23.0,25.0,0.0,5.1373,0.0,0.0,4.0,3.0
21.0,3.0,4.0,1.0,0.0,0.0,0.0,0.0,0.0,0.0,1.0,0.0,0.0,0.0,2.0,0.0,0.0,3.0,0.0,29.0,31.0,86.48,3.61182,1.0,7.0,9.0,3.0
14.0,0.0,2.0,0.0,0.0,0.0,0.0,0.0,0.0,0.0,0.0,0.0,0.0,0.0,2.0,0.0,0.0,0.0,0.0,16.0,17.0,26.3,3.0436,0.0,2.0,3.0,2.0
11.0,2.0,4.0,0.0,0.0,0.0,0.0,0.0,3.0,0.0,2.0,0.0,1.0,1.0,0.0,3.0,0.0,0.0,0.0,20.0,20.0,95.5,1.121,3.0,3.0,3.0,1.0
19.0,4.0,2.0,0.0,0.0,0.0,2.0,0.0,0.0,0.0,1.0,0.0,1.0,0.0,1.0,2.0,0.0,3.0,1.0,27.0,30.0,61.6,2.3825,1.0,5.0,4.0,4.0
23.0,6.0,13.0,0.0,0.0,0.0,0.0,0.0,0.0,0.0,0.0,6.0,7.0,0.0,0.0,0.0,0.0,1.0,2.0,42.0,45.0,353.11,-8.8953,13.0,19.0,9.0,4.0
11.0,2.0,2.0,0.0,0.0,0.0,0.0,0.0,0.0,0.0,0.0,0.0,0.0,0.0,0.0,0.0,0.0,3.0,0.0,15.0,16.0,44.12,1.1618,0.0,4.0,3.0,2.0
26.0,5.0,3.0,0.0,0.0,0.0,2.0,0.0,0.0,0.0,0.0,0.0,0.0,0.0,2.0,2.0,0.0,5.0,2.0,36.0,40.0,64.88,4.4627,0.0,8.0,8.0,5.0
19.0,1.0,2.0,0.0,0.0,0.0,0.0,0.0,0.0,0.0,0.0,0.0,0.0,0.0,0.0,0.0,0.0,0.0,0.0,22.0,23.0,29.54,4.4022,0.0,3.0,7.0,2.0
24.0,2.0,5.0,0.0,0.0,0.0,0.0,0.0,0.0,0.0,1.0,1.0,1.0,1.0,2.0,0.0,0.0,0.0,0.0,31.0,33.0,95.94,2.5731,2.0,5.0,9.0,3.0
16.0,5.0,2.0,0.0,0.0,0.0,0.0,0.0,0.0,0.0,1.0,3.0,0.0,0.0,2.0,0.0,0.0,0.0,0.0,23.0,25.0,99.82,2.0441,3.0,6.0,3.0,3.0
18.0,2.0,6.0,1.0,0.0,0.0,0.0,0.0,0.0,0.0,1.0,0.0,4.0,0.0,0.0,0.0,0.0,1.0,1.0,27.0,28.0,122.49,-0.857,5.0,8.0,7.0,2.0
23.0,3.0,4.0,0.0,0.0,3.0,0.0,0.0,0.0,0.0,1.0,1.0,1.0,1.0,2.0,3.0,0.0,0.0,1.0,33.0,35.0,91.76,4.1478,2.0,5.0,7.0,3.0
88.0,22.0,23.0,0.0,0.0,0.0,0.0,0.0,0.0,0.0,0.0,21.0,12.0,11.0,3.0,0.0,0.0,0.0,0.0,133.0,135.0,762.97,-2.08703,34.0,32.0,78.0,3.0
104.0,25.0,26.0,1.0,0.0,0.0,0.0,0.0,0.0,0.0,2.0,20.0,14.0,10.0,3.0,0.0,0.0,3.0,0.0,156.0,160.0,854.59,-2.153,37.0,39.0,89.0,5.0
19.0,1.0,2.0,1.0,0.0,0.0,1.0,0.0,0.0,0.0,1.0,0.0,0.0,0.0,2.0,1.0,0.0,0.0,0.0,24.0,25.0,38.33,4.3308,1.0,3.0,9.0,2.0
8.0,1.0,2.0,0.0,0.0,0.0,0.0,0.0,0.0,0.0,1.0,0.0,0.0,0.0,0.0,0.0,0.0,0.0,0.0,11.0,11.0,55.62,0.8194,1.0,2.0,4.0,1.0
51.0,12.0,17.0,0.0,0.0,0.0,0.0,0.0,0.0,0.0,0.0,10.0,9.0,8.0,2.0,0.0,0.0,2.0,0.0,80.0,83.0,501.37,-2.5131,19.0,21.0,40.0,4.0
11.0,3.0,0.0,0.0,0.0,0.0,0.0,0.0,0.0,0.0,0.0,2.0,0.0,0.0,1.0,0.0,0.0,2.0,0.0,14.0,15.0,36.42,1.67454,2.0,3.0,1.0,2.0
26.0,3.0,6.0,1.0,0.0,0.0,1.0,0.0,0.0,0.0,3.0,0.0,1.0,1.0,2.0,1.0,0.0,1.0,0.0,37.0,40.0,125.04,2.9866,3.0,6.0,8.0,4.0
13.0,5.0,8.0,2.0,0.0,0.0,0.0,0.0,0.0,0.0,2.0,1.0,2.0,1.0,0.0,0.0,1.0,2.0,0.0,28.0,29.0,201.58,-1.1725,4.0,10.0,7.0,2.0
23.0,2.0,3.0,1.0,0.0,0.0,0.0,0.0,0.0,0.0,1.0,0.0,0.0,0.0,2.0,0.0,1.0,0.0,0.0,29.0,30.0,66.48,4.34228,1.0,3.0,7.0,2.0
20.0,3.0,2.0,0.0,0.0,0.0,0.0,0.0,0.0,0.0,1.0,0.0,1.0,0.0,1.0,0.0,0.0,1.0,1.0,25.0,28.0,68.36,1.9247,3.0,3.0,4.0,4.0
28.0,2.0,2.0,0.0,0.0,0.0,0.0,0.0,0.0,0.0,0.0,0.0,1.0,1.0,3.0,0.0,0.0,0.0,1.0,32.0,35.0,64.33,5.00478,1.0,3.0,7.0,4.0
17.0,3.0,2.0,0.0,0.0,0.0,0.0,0.0,0.0,0.0,0.0,1.0,0.0,0.0,2.0,0.0,0.0,2.0,0.0,22.0,25.0,69.2,2.7669,1.0,5.0,1.0,4.0
19.0,0.0,4.0,0.0,0.0,0.0,0.0,0.0,0.0,0.0,0.0,0.0,1.0,0.0,3.0,0.0,0.0,0.0,1.0,23.0,25.0,67.51,3.6096,1.0,4.0,4.0,3.0
21.0,2.0,1.0,2.0,0.0,0.0,0.0,0.0,0.0,0.0,0.0,0.0,0.0,0.0,2.0,0.0,0.0,0.0,3.0,26.0,29.0,24.75,3.484,1.0,3.0,4.0,4.0
18.0,0.0,2.0,0.0,0.0,0.0,0.0,0.0,0.0,0.0,0.0,0.0,2.0,0.0,2.0,0.0,0.0,0.0,0.0,20.0,21.0,40.46,4.6046,2.0,2.0,3.0,2.0
23.0,2.0,3.0,0.0,0.0,0.0,1.0,0.0,0.0,0.0,0.0,1.0,0.0,0.0,3.0,1.0,0.0,1.0,2.0,29.0,33.0,54.71,4.4578,1.0,5.0,4.0,5.0
16.0,1.0,1.0,0.0,0.0,0.0,1.0,0.0,0.0,0.0,0.0,1.0,0.0,0.0,2.0,1.0,0.0,1.0,0.0,19.0,22.0,21.26,3.75529,1.0,2.0,0.0,4.0
22.0,2.0,2.0,0.0,0.0,0.0,0.0,0.0,0.0,0.0,0.0,1.0,1.0,0.0,2.0,0.0,0.0,0.0,1.0,26.0,28.0,44.73,3.7221,2.0,4.0,9.0,3.0
19.0,3.0,4.0,1.0,0.0,0.0,0.0,0.0,0.0,0.0,2.0,1.0,1.0,1.0,0.0,0.0,0.0,1.0,0.0,27.0,31.0,112.73,0.9158,3.0,5.0,3.0,6.0
33.0,7.0,9.0,0.0,0.0,0.0,0.0,0.0,0.0,0.0,6.0,1.0,3.0,0.0,2.0,0.0,0.0,0.0,0.0,49.0,50.0,275.3,-2.5354,10.0,10.0,19.0,2.0
159.0,47.0,42.0,2.0,0.0,0.0,0.0,0.0,0.0,0.0,2.0,42.0,22.0,18.0,3.0,0.0,0.0,2.0,0.0,250.0,253.0,1522.2,-10.04903,70.0,68.0,156.0,4.0
12.0,0.0,2.0,1.0,0.0,0.0,4.0,0.0,0.0,0.0,0.0,0.0,2.0,0.0,2.0,4.0,0.0,0.0,0.0,19.0,20.0,40.46,5.8626,2.0,3.0,2.0,2.0
17.0,0.0,3.0,0.0,0.0,0.0,0.0,0.0,0.0,0.0,0.0,0.0,1.0,0.0,1.0,0.0,0.0,1.0,0.0,20.0,23.0,38.69,2.7412,1.0,3.0,1.0,4.0
27.0,2.0,4.0,0.0,0.0,0.0,0.0,0.0,0.0,0.0,0.0,0.0,0.0,0.0,2.0,0.0,0.0,0.0,0.0,33.0,34.0,63.95,5.09308,0.0,6.0,13.0,2.0
13.0,2.0,3.0,1.0,0.0,0.0,0.0,0.0,0.0,0.0,1.0,0.0,0.0,0.0,0.0,0.0,0.0,2.0,1.0,19.0,20.0,49.85,1.4081,0.0,5.0,3.0,2.0
17.0,1.0,1.0,0.0,0.0,0.0,1.0,0.0,0.0,0.0,0.0,0.0,0.0,0.0,1.0,1.0,0.0,0.0,1.0,20.0,21.0,12.47,4.1652,0.0,2.0,8.0,2.0
40.0,1.0,11.0,0.0,0.0,0.0,0.0,0.0,0.0,0.0,0.0,1.0,1.0,0.0,0.0,0.0,0.0,4.0,3.0,52.0,60.0,146.39,3.438,2.0,12.0,4.0,10.0
47.0,1.0,14.0,0.0,0.0,0.0,0.0,0.0,0.0,0.0,1.0,0.0,3.0,0.0,3.0,0.0,0.0,0.0,0.0,62.0,68.0,221.29,3.6715,4.0,14.0,10.0,7.0
18.0,2.0,1.0,0.0,0.0,0.0,0.0,0.0,0.0,0.0,0.0,0.0,0.0,0.0,3.0,0.0,0.0,0.0,1.0,21.0,23.0,25.24,3.1064,0.0,3.0,4.0,3.0
49.0,10.0,11.0,2.0,0.0,0.0,0.0,0.0,0.0,0.0,0.0,9.0,7.0,4.0,3.0,0.0,0.0,1.0,0.0,72.0,75.0,361.93,-0.3842,19.0,18.0,36.0,4.0
149.0,47.0,42.0,0.0,0.0,0.0,0.0,0.0,0.0,0.0,31.0,11.0,6.0,3.0,1.0,0.0,0.0,6.0,0.0,238.0,243.0,1466.27,-14.90129,48.0,48.0,117.0,6.0
23.0,0.0,11.0,0.0,0.0,0.0,0.0,0.0,0.0,0.0,0.0,0.0,3.0,2.0,4.0,0.0,0.0,0.0,2.0,34.0,37.0,173.71,2.1145,3.0,9.0,8.0,4.0
22.0,5.0,1.0,0.0,0.0,2.0,0.0,0.0,0.0,0.0,0.0,0.0,0.0,0.0,4.0,2.0,0.0,2.0,3.0,30.0,34.0,65.6,3.6717,0.0,6.0,3.0,5.0
93.0,18.0,25.0,0.0,0.0,0.0,0.0,0.0,0.0,0.0,0.0,9.0,13.0,12.0,0.0,0.0,0.0,9.0,0.0,136.0,144.0,619.25,2.5482,22.0,31.0,61.0,9.0
16.0,9.0,5.0,3.0,0.0,0.0,0.0,0.0,0.0,0.0,2.0,1.0,1.0,1.0,0.0,0.0,0.0,6.0,1.0,33.0,36.0,190.81,-0.8698,3.0,14.0,8.0,4.0
19.0,4.0,1.0,1.0,0.0,0.0,0.0,0.0,0.0,0.0,1.0,0.0,0.0,0.0,1.0,0.0,0.0,3.0,2.0,25.0,28.0,51.02,3.6251,0.0,5.0,4.0,4.0
104.0,25.0,26.0,1.0,0.0,0.0,0.0,0.0,0.0,0.0,2.0,20.0,14.0,10.0,3.0,0.0,0.0,3.0,0.0,156.0,160.0,854.59,-2.153,37.0,39.0,89.0,5.0
8.0,2.0,1.0,1.0,0.0,0.0,0.0,0.0,0.0,0.0,1.0,1.0,0.0,0.0,0.0,0.0,0.0,1.0,2.0,12.0,13.0,41.13,0.5086,2.0,3.0,1.0,2.0
36.0,2.0,0.0,0.0,0.0,0.0,0.0,0.0,0.0,0.0,0.0,0.0,0.0,0.0,4.0,0.0,0.0,0.0,0.0,38.0,43.0,0.0,8.2396,0.0,0.0,9.0,6.0
11.0,2.0,0.0,1.0,0.0,0.0,0.0,0.0,0.0,0.0,0.0,1.0,0.0,0.0,1.0,0.0,0.0,3.0,0.0,14.0,16.0,15.27,1.6633,1.0,3.0,1.0,3.0
16.0,5.0,4.0,3.0,0.0,0.0,0.0,0.0,0.0,0.0,2.0,0.0,1.0,1.0,0.0,0.0,0.0,4.0,1.0,28.0,31.0,128.28,0.9396,3.0,8.0,7.0,4.0
31.0,2.0,11.0,0.0,0.0,0.0,0.0,0.0,0.0,0.0,2.0,0.0,3.0,0.0,3.0,0.0,0.0,0.0,2.0,44.0,47.0,200.01,3.62712,5.0,11.0,8.0,4.0
203.0,63.0,53.0,1.0,0.0,0.0,0.0,0.0,0.0,0.0,41.0,16.0,10.0,2.0,5.0,0.0,0.0,2.0,0.0,320.0,325.0,1969.94,-19.41022,72.0,65.0,159.0,6.0
19.0,2.0,0.0,0.0,0.0,0.0,0.0,0.0,0.0,0.0,0.0,0.0,0.0,0.0,2.0,0.0,0.0,0.0,0.0,21.0,23.0,6.48,3.5491,0.0,2.0,4.0,3.0
19.0,6.0,5.0,2.0,0.0,0.0,0.0,0.0,0.0,0.0,2.0,1.0,0.0,1.0,0.0,0.0,0.0,3.0,1.0,32.0,35.0,150.04,-1.2799,2.0,10.0,7.0,4.0
23.0,3.0,1.0,0.0,0.0,3.0,0.0,1.0,0.0,0.0,1.0,1.0,0.0,0.0,2.0,4.0,0.0,0.0,1.0,31.0,33.0,44.37,5.5544,2.0,3.0,8.0,3.0
21.0,0.0,2.0,0.0,0.0,0.0,0.0,0.0,0.0,0.0,0.0,0.0,1.0,0.0,0.0,0.0,0.0,0.0,0.0,23.0,26.0,37.3,3.6586,1.0,2.0,1.0,4.0
18.0,1.0,1.0,0.0,0.0,0.0,0.0,0.0,0.0,0.0,0.0,1.0,1.0,0.0,2.0,0.0,0.0,0.0,1.0,20.0,22.0,32.26,3.0646,2.0,2.0,3.0,3.0
26.0,2.0,5.0,0.0,0.0,0.0,0.0,0.0,0.0,0.0,1.0,1.0,1.0,1.0,2.0,0.0,0.0,0.0,0.0,33.0,35.0,95.94,2.6096,2.0,5.0,11.0,3.0
18.0,3.0,0.0,0.0,0.0,1.0,1.0,0.0,0.0,0.0,0.0,1.0,0.0,0.0,2.0,2.0,0.0,2.0,0.0,23.0,26.0,29.85,4.16582,1.0,3.0,1.0,4.0
21.0,0.0,2.0,0.0,0.0,0.0,0.0,0.0,0.0,0.0,0.0,0.0,1.0,0.0,0.0,0.0,0.0,0.0,0.0,23.0,26.0,37.3,3.6586,1.0,2.0,1.0,4.0
22.0,1.0,2.0,0.0,0.0,0.0,0.0,0.0,0.0,0.0,0.0,0.0,0.0,0.0,2.0,0.0,0.0,0.0,0.0,25.0,26.0,29.54,4.2755,0.0,3.0,8.0,2.0
19.0,5.0,1.0,0.0,0.0,0.0,1.0,0.0,0.0,0.0,0.0,0.0,0.0,0.0,2.0,1.0,0.0,3.0,2.0,26.0,29.0,45.78,2.3617,0.0,6.0,5.0,4.0
15.0,1.0,2.0,0.0,0.0,0.0,0.0,0.0,0.0,0.0,1.0,0.0,0.0,0.0,1.0,0.0,0.0,1.0,0.0,18.0,20.0,38.33,2.2512,1.0,2.0,4.0,3.0
34.0,3.0,5.0,0.0,0.0,0.0,0.0,0.0,0.0,0.0,1.0,0.0,0.0,0.0,5.0,0.0,0.0,0.0,2.0,42.0,47.0,92.89,5.5602,2.0,6.0,8.0,6.0
32.0,5.0,5.0,0.0,0.0,0.0,0.0,1.0,0.0,0.0,3.0,0.0,1.0,0.0,1.0,1.0,0.0,4.0,1.0,43.0,49.0,119.41,1.7757,4.0,5.0,5.0,7.0
38.0,11.0,11.0,0.0,0.0,0.0,0.0,0.0,0.0,0.0,0.0,8.0,6.0,5.0,1.0,0.0,0.0,2.0,0.0,60.0,62.0,387.82,-1.31883,16.0,14.0,31.0,3.0
21.0,5.0,2.0,0.0,0.0,0.0,0.0,0.0,0.0,0.0,0.0,1.0,0.0,0.0,3.0,0.0,0.0,0.0,4.0,28.0,30.0,92.79,2.90252,2.0,6.0,9.0,3.0
26.0,4.0,4.0,1.0,0.0,0.0,0.0,0.0,0.0,0.0,1.0,0.0,0.0,0.0,3.0,0.0,1.0,0.0,2.0,35.0,37.0,101.49,3.898,1.0,7.0,12.0,3.0
19.0,2.0,6.0,0.0,0.0,0.0,0.0,0.0,0.0,0.0,1.0,0.0,2.0,0.0,2.0,0.0,0.0,0.0,3.0,27.0,29.0,126.23,0.8905,3.0,7.0,6.0,3.0
17.0,4.0,4.0,2.0,0.0,0.0,0.0,0.0,0.0,0.0,1.0,0.0,0.0,0.0,1.0,0.0,0.0,4.0,0.0,27.0,29.0,102.37,3.5981,0.0,8.0,8.0,3.0
9.0,4.0,2.0,2.0,0.0,0.0,0.0,0.0,0.0,0.0,0.0,2.0,0.0,0.0,1.0,0.0,1.0,3.0,0.0,17.0,18.0,97.97,1.22952,2.0,6.0,3.0,2.0
17.0,3.0,1.0,0.0,0.0,0.0,0.0,0.0,0.0,0.0,0.0,1.0,1.0,0.0,2.0,0.0,0.0,2.0,0.0,21.0,23.0,47.86,2.84042,2.0,4.0,4.0,3.0
131.0,38.0,39.0,6.0,0.0,0.0,0.0,0.0,0.0,0.0,1.0,30.0,20.0,18.0,2.0,0.0,0.0,6.0,0.0,214.0,219.0,1259.5,-6.94493,60.0,60.0,123.0,6.0
21.0,3.0,4.0,0.0,0.0,0.0,0.0,0.0,0.0,0.0,1.0,0.0,0.0,0.0,1.0,0.0,0.0,2.0,1.0,28.0,30.0,76.83,3.2096,1.0,6.0,7.0,3.0
16.0,7.0,2.0,0.0,0.0,0.0,0.0,0.0,0.0,0.0,0.0,2.0,1.0,0.0,2.0,0.0,0.0,4.0,2.0,25.0,28.0,127.39,1.7217,3.0,9.0,5.0,4.0
22.0,0.0,8.0,0.0,0.0,0.0,0.0,0.0,0.0,0.0,0.0,0.0,0.0,0.0,0.0,0.0,0.0,0.0,1.0,30.0,32.0,100.66,2.742,0.0,8.0,8.0,3.0
21.0,1.0,0.0,0.0,0.0,0.0,0.0,0.0,0.0,0.0,0.0,0.0,0.0,0.0,2.0,0.0,0.0,0.0,0.0,22.0,23.0,0.0,5.182,0.0,0.0,6.0,2.0
14.0,5.0,5.0,2.0,0.0,0.0,0.0,0.0,0.0,0.0,2.0,1.0,1.0,1.0,0.0,0.0,0.0,2.0,1.0,26.0,28.0,147.21,-0.1657,3.0,9.0,5.0,3.0
41.0,10.0,13.0,2.0,0.0,0.0,0.0,0.0,0.0,0.0,1.0,8.0,6.0,6.0,1.0,0.0,0.0,1.0,0.0,66.0,67.0,380.36,-1.505,17.0,18.0,35.0,2.0
141.0,38.0,40.0,1.0,0.0,0.0,0.0,0.0,0.0,0.0,2.0,33.0,20.0,18.0,2.0,0.0,0.0,3.0,0.0,220.0,223.0,1296.9,-6.4046,56.0,58.0,138.0,4.0
16.0,2.0,1.0,0.0,0.0,0.0,1.0,0.0,0.0,0.0,0.0,1.0,1.0,0.0,2.0,1.0,0.0,2.0,0.0,20.0,23.0,35.5,2.4508,2.0,3.0,1.0,4.0
13.0,3.0,4.0,1.0,0.0,0.0,0.0,0.0,0.0,0.0,0.0,0.0,1.0,0.0,1.0,0.0,0.0,2.0,0.0,21.0,22.0,84.54,0.76592,1.0,6.0,4.0,2.0
18.0,5.0,2.0,0.0,0.0,0.0,1.0,0.0,0.0,0.0,1.0,1.0,0.0,0.0,3.0,1.0,0.0,0.0,3.0,26.0,28.0,103.02,3.7142,2.0,6.0,5.0,3.0
18.0,5.0,3.0,0.0,0.0,0.0,0.0,0.0,0.0,0.0,0.0,1.0,1.0,0.0,2.0,0.0,0.0,2.0,2.0,26.0,28.0,94.08,0.1454,2.0,8.0,6.0,3.0
12.0,3.0,2.0,1.0,0.0,0.0,0.0,0.0,0.0,0.0,1.0,0.0,0.0,0.0,1.0,0.0,0.0,2.0,0.0,18.0,19.0,67.01,3.2433,2.0,4.0,4.0,2.0
20.0,0.0,5.0,0.0,0.0,0.0,0.0,0.0,0.0,0.0,0.0,0.0,3.0,1.0,0.0,0.0,0.0,1.0,0.0,25.0,26.0,86.99,3.4085,3.0,4.0,10.0,2.0
19.0,4.0,3.0,0.0,0.0,2.0,0.0,0.0,0.0,0.0,0.0,2.0,1.0,1.0,2.0,2.0,0.0,0.0,3.0,28.0,31.0,100.59,2.0816,3.0,6.0,3.0,4.0
23.0,2.0,3.0,0.0,0.0,0.0,0.0,0.0,0.0,0.0,0.0,1.0,0.0,0.0,2.0,0.0,0.0,1.0,0.0,28.0,30.0,63.35,4.46882,2.0,4.0,7.0,3.0
20.0,4.0,3.0,1.0,0.0,0.0,0.0,0.0,0.0,0.0,0.0,1.0,0.0,0.0,1.0,0.0,0.0,2.0,0.0,28.0,30.0,87.34,4.3725,2.0,6.0,10.0,3.0
24.0,1.0,3.0,0.0,0.0,0.0,0.0,0.0,0.0,0.0,0.0,0.0,0.0,0.0,2.0,0.0,0.0,1.0,0.0,28.0,30.0,38.77,4.4526,0.0,4.0,10.0,3.0
14.0,2.0,2.0,1.0,0.0,0.0,0.0,0.0,0.0,0.0,0.0,1.0,0.0,0.0,1.0,0.0,1.0,0.0,0.0,19.0,21.0,63.4,2.0795,1.0,3.0,2.0,4.0
24.0,6.0,0.0,0.0,0.0,0.0,0.0,0.0,0.0,0.0,0.0,0.0,0.0,0.0,4.0,0.0,0.0,0.0,6.0,30.0,34.0,58.04,3.9272,0.0,6.0,4.0,5.0
37.0,9.0,15.0,2.0,0.0,0.0,0.0,0.0,0.0,0.0,0.0,8.0,9.0,6.0,1.0,0.0,0.0,1.0,0.0,63.0,64.0,397.96,-4.4392,19.0,20.0,32.0,2.0
19.0,3.0,4.0,0.0,0.0,1.0,0.0,0.0,0.0,0.0,2.0,0.0,1.0,1.0,1.0,1.0,0.0,2.0,0.0,27.0,29.0,111.29,2.217,4.0,3.0,8.0,3.0
59.0,16.0,16.0,0.0,0.0,0.0,0.0,0.0,0.0,0.0,0.0,13.0,8.0,8.0,2.0,0.0,0.0,2.0,0.0,91.0,93.0,549.29,-1.16353,23.0,21.0,49.0,3.0
84.0,19.0,21.0,2.0,0.0,0.0,0.0,0.0,0.0,0.0,0.0,18.0,12.0,9.0,2.0,0.0,0.0,1.0,0.0,126.0,128.0,658.14,-1.2678,32.0,33.0,72.0,3.0
21.0,7.0,12.0,0.0,0.0,0.0,0.0,0.0,0.0,0.0,0.0,5.0,7.0,0.0,0.0,0.0,0.0,1.0,1.0,40.0,42.0,331.43,-7.74176,14.0,15.0,9.0,3.0
18.0,2.0,3.0,0.0,0.0,0.0,2.0,0.0,0.0,0.0,1.0,0.0,1.0,1.0,2.0,2.0,0.0,1.0,0.0,25.0,27.0,82.19,4.8248,3.0,2.0,4.0,3.0
21.0,4.0,2.0,0.0,0.0,0.0,0.0,0.0,0.0,0.0,0.0,0.0,1.0,0.0,3.0,0.0,0.0,2.0,2.0,27.0,30.0,72.42,2.9959,1.0,6.0,4.0,4.0
16.0,3.0,3.0,0.0,0.0,0.0,1.0,0.0,0.0,0.0,3.0,0.0,0.0,0.0,1.0,1.0,0.0,1.0,2.0,23.0,25.0,69.72,0.6143,1.0,3.0,3.0,3.0
75.0,24.0,15.0,0.0,0.0,0.0,0.0,0.0,0.0,0.0,0.0,20.0,8.0,7.0,2.0,0.0,0.0,1.0,0.0,114.0,116.0,680.66,-1.38399,31.0,26.0,66.0,3.0
10.0,3.0,0.0,1.0,0.0,0.0,0.0,0.0,0.0,0.0,0.0,1.0,0.0,0.0,0.0,0.0,0.0,2.0,0.0,14.0,15.0,42.15,1.3119,1.0,4.0,2.0,2.0
13.0,1.0,2.0,0.0,0.0,0.0,0.0,0.0,0.0,0.0,1.0,0.0,0.0,0.0,1.0,0.0,0.0,2.0,0.0,16.0,17.0,38.33,1.9509,1.0,2.0,2.0,2.0
22.0,2.0,1.0,0.0,0.0,0.0,2.0,0.0,0.0,0.0,1.0,0.0,0.0,0.0,2.0,2.0,0.0,1.0,1.0,27.0,30.0,23.55,4.7577,0.0,2.0,4.0,4.0
14.0,3.0,1.0,0.0,0.0,0.0,0.0,0.0,0.0,0.0,1.0,1.0,0.0,0.0,1.0,0.0,0.0,1.0,0.0,18.0,20.0,70.91,1.3435,3.0,2.0,2.0,3.0
115.0,27.0,26.0,0.0,0.0,0.0,0.0,0.0,0.0,0.0,1.0,23.0,13.0,12.0,2.0,0.0,0.0,3.0,0.0,168.0,172.0,865.84,1.4275,38.0,39.0,94.0,5.0
49.0,13.0,11.0,0.0,0.0,0.0,0.0,0.0,0.0,0.0,0.0,10.0,6.0,5.0,1.0,0.0,0.0,2.0,0.0,73.0,75.0,399.33,-0.33803,17.0,17.0,37.0,3.0
21.0,0.0,5.0,0.0,0.0,0.0,0.0,0.0,0.0,0.0,0.0,0.0,2.0,0.0,0.0,0.0,0.0,1.0,0.0,26.0,30.0,83.83,2.0031,2.0,5.0,2.0,5.0
27.0,3.0,7.0,1.0,0.0,0.0,0.0,0.0,0.0,0.0,1.0,1.0,1.0,0.0,2.0,0.0,1.0,2.0,0.0,38.0,41.0,140.42,2.3753,3.0,8.0,11.0,4.0
12.0,4.0,3.0,0.0,0.0,0.0,1.0,0.0,0.0,0.0,1.0,1.0,0.0,0.0,0.0,1.0,0.0,3.0,0.0,20.0,21.0,93.47,0.9129,2.0,5.0,6.0,2.0
93.0,18.0,25.0,0.0,0.0,0.0,0.0,0.0,0.0,0.0,0.0,9.0,13.0,12.0,0.0,0.0,0.0,9.0,0.0,136.0,144.0,619.25,2.5482,22.0,31.0,61.0,9.0
17.0,1.0,1.0,0.0,0.0,0.0,0.0,0.0,0.0,0.0,0.0,0.0,0.0,0.0,1.0,0.0,0.0,0.0,1.0,19.0,21.0,12.47,3.127,0.0,2.0,3.0,3.0
6.0,6.0,1.0,0.0,0.0,0.0,0.0,0.0,0.0,0.0,1.0,1.0,0.0,0.0,0.0,0.0,0.0,2.0,0.0,13.0,13.0,95.44,-1.6657,2.0,5.0,3.0,1.0
20.0,1.0,2.0,0.0,0.0,0.0,0.0,0.0,0.0,0.0,0.0,0.0,1.0,0.0,0.0,0.0,0.0,0.0,0.0,23.0,26.0,61.09,3.83718,1.0,3.0,1.0,4.0
23.0,2.0,5.0,0.0,0.0,0.0,0.0,0.0,0.0,0.0,2.0,0.0,2.0,1.0,3.0,0.0,0.0,0.0,0.0,30.0,32.0,115.73,3.0702,4.0,4.0,7.0,3.0
22.0,3.0,4.0,1.0,0.0,0.0,0.0,0.0,0.0,0.0,1.0,0.0,0.0,0.0,2.0,0.0,0.0,3.0,0.0,30.0,32.0,77.69,4.0341,0.0,7.0,9.0,3.0
127.0,39.0,43.0,2.0,0.0,0.0,0.0,0.0,0.0,0.0,4.0,32.0,21.0,18.0,2.0,0.0,0.0,3.0,0.0,211.0,214.0,1377.29,-13.0654,60.0,61.0,125.0,4.0
33.0,4.0,6.0,0.0,0.0,0.0,0.0,0.0,0.0,0.0,1.0,0.0,1.0,0.0,3.0,0.0,0.0,1.0,4.0,43.0,49.0,114.2,4.0911,1.0,9.0,4.0,7.0
22.0,5.0,2.0,0.0,0.0,0.0,1.0,0.0,0.0,0.0,0.0,0.0,0.0,0.0,2.0,1.0,0.0,4.0,1.0,30.0,34.0,80.02,1.9361,3.0,4.0,5.0,5.0
21.0,1.0,3.0,0.0,0.0,0.0,1.0,0.0,0.0,0.0,0.0,0.0,1.0,0.0,4.0,1.0,0.0,0.0,1.0,26.0,29.0,62.32,5.3464,2.0,3.0,3.0,4.0
130.0,64.0,31.0,0.0,0.0,0.0,0.0,0.0,0.0,0.0,1.0,43.0,16.0,14.0,0.0,0.0,0.0,10.0,0.0,225.0,230.0,1650.62,-16.5129,74.0,56.0,128.0,6.0
37.0,2.0,2.0,0.0,0.0,0.0,2.0,0.0,0.0,0.0,1.0,0.0,0.0,0.0,3.0,2.0,0.0,0.0,2.0,43.0,48.0,29.54,8.2259,0.0,2.0,9.0,7.0
27.0,2.0,2.0,0.0,0.0,0.0,1.0,0.0,0.0,0.0,0.0,0.0,2.0,0.0,2.0,1.0,0.0,0.0,2.0,32.0,34.0,46.94,5.4918,2.0,4.0,5.0,3.0
72.0,15.0,28.0,1.0,0.0,0.0,0.0,0.0,0.0,0.0,0.0,13.0,15.0,13.0,1.0,0.0,0.0,2.0,0.0,116.0,118.0,702.22,-2.6642,28.0,31.0,64.0,3.0
194.0,56.0,57.0,0.0,0.0,0.0,0.0,0.0,0.0,0.0,2.0,47.0,29.0,26.0,5.0,0.0,0.0,5.0,0.0,307.0,314.0,1942.83,-10.21786,83.0,78.0,182.0,8.0
19.0,2.0,4.0,0.0,0.0,0.0,1.0,0.0,0.0,0.0,1.0,0.0,1.0,1.0,3.0,1.0,0.0,0.0,1.0,26.0,28.0,99.26,2.6072,3.0,3.0,5.0,3.0
19.0,6.0,3.0,0.0,0.0,0.0,0.0,0.0,0.0,0.0,2.0,0.0,0.0,0.0,2.0,0.0,0.0,2.0,3.0,28.0,31.0,103.45,2.0986,2.0,6.0,3.0,4.0
28.0,3.0,1.0,0.0,0.0,2.0,1.0,0.0,0.0,0.0,0.0,0.0,0.0,0.0,3.0,3.0,0.0,2.0,1.0,35.0,39.0,41.03,6.5104,1.0,3.0,7.0,5.0
19.0,0.0,8.0,0.0,0.0,0.0,0.0,0.0,0.0,0.0,0.0,0.0,1.0,0.0,2.0,0.0,0.0,0.0,1.0,27.0,28.0,104.43,2.37462,1.0,8.0,7.0,2.0
17.0,1.0,1.0,0.0,0.0,0.0,0.0,0.0,0.0,0.0,0.0,0.0,0.0,0.0,1.0,0.0,0.0,1.0,0.0,19.0,20.0,12.47,3.8862,0.0,2.0,7.0,2.0
186.0,55.0,58.0,2.0,0.0,0.0,0.0,0.0,0.0,0.0,3.0,50.0,29.0,26.0,4.0,0.0,0.0,2.0,0.0,301.0,306.0,1904.76,-15.26,86.0,84.0,184.0,6.0
190.0,53.0,58.0,0.0,0.0,0.0,0.0,0.0,0.0,0.0,2.0,41.0,32.0,24.0,5.0,0.0,0.0,6.0,0.0,301.0,310.0,1857.43,-10.30132,80.0,76.0,166.0,10.0
16.0,5.0,1.0,0.0,0.0,3.0,0.0,0.0,0.0,0.0,0.0,0.0,1.0,0.0,2.0,3.0,0.0,3.0,2.0,25.0,27.0,76.72,2.1769,1.0,6.0,5.0,3.0
17.0,5.0,0.0,0.0,0.0,3.0,2.0,0.0,0.0,0.0,0.0,0.0,0.0,0.0,2.0,5.0,0.0,3.0,2.0,27.0,30.0,46.84,4.99052,0.0,5.0,2.0,4.0
24.0,4.0,2.0,0.0,0.0,1.0,0.0,0.0,0.0,0.0,1.0,1.0,0.0,0.0,1.0,1.0,0.0,2.0,3.0,31.0,35.0,61.61,4.0419,1.0,5.0,4.0,5.0
13.0,1.0,5.0,0.0,0.0,0.0,0.0,0.0,0.0,0.0,0.0,0.0,1.0,1.0,2.0,0.0,0.0,2.0,1.0,19.0,21.0,77.76,1.4483,1.0,5.0,2.0,3.0
270.0,73.0,83.0,7.0,0.0,0.0,0.0,0.0,0.0,0.0,2.0,61.0,43.0,38.0,7.0,0.0,0.0,7.0,0.0,433.0,444.0,2600.22,-10.95949,119.0,113.0,252.0,12.0
18.0,4.0,1.0,0.0,0.0,1.0,0.0,0.0,0.0,0.0,1.0,0.0,0.0,0.0,2.0,1.0,0.0,3.0,1.0,24.0,27.0,51.02,2.7772,0.0,4.0,3.0,4.0
17.0,3.0,0.0,0.0,0.0,0.0,0.0,0.0,0.0,0.0,0.0,1.0,0.0,0.0,2.0,0.0,0.0,2.0,0.0,20.0,22.0,27.63,2.6949,1.0,3.0,5.0,3.0
21.0,4.0,3.0,0.0,0.0,0.0,1.0,0.0,0.0,0.0,1.0,0.0,0.0,0.0,2.0,1.0,0.0,3.0,2.0,29.0,32.0,80.49,3.1522,1.0,6.0,6.0,4.0
17.0,5.0,1.0,0.0,0.0,0.0,0.0,0.0,0.0,0.0,1.0,1.0,0.0,0.0,1.0,0.0,0.0,2.0,1.0,23.0,25.0,71.73,2.04008,1.0,5.0,3.0,3.0
17.0,7.0,1.0,0.0,0.0,6.0,0.0,0.0,0.0,0.0,1.0,1.0,0.0,0.0,2.0,6.0,0.0,3.0,2.0,31.0,33.0,97.62,3.3867,2.0,7.0,5.0,3.0
65.0,19.0,19.0,0.0,0.0,0.0,0.0,0.0,0.0,0.0,0.0,12.0,11.0,8.0,1.0,0.0,0.0,6.0,0.0,103.0,107.0,619.12,-2.84413,26.0,26.0,52.0,5.0
21.0,4.0,6.0,1.0,0.0,0.0,0.0,0.0,0.0,0.0,1.0,0.0,2.0,2.0,2.0,0.0,0.0,1.0,2.0,32.0,34.0,152.69,1.97722,4.0,7.0,9.0,3.0
23.0,3.0,1.0,0.0,0.0,0.0,0.0,0.0,0.0,0.0,0.0,0.0,0.0,0.0,4.0,0.0,0.0,0.0,2.0,27.0,30.0,58.68,4.43818,0.0,4.0,3.0,4.0
88.0,22.0,23.0,0.0,0.0,0.0,0.0,0.0,0.0,0.0,0.0,21.0,12.0,11.0,3.0,0.0,0.0,0.0,0.0,133.0,135.0,762.97,-2.08703,34.0,32.0,78.0,3.0
53.0,13.0,15.0,0.0,0.0,0.0,0.0,0.0,0.0,0.0,0.0,10.0,8.0,7.0,1.0,0.0,0.0,3.0,0.0,81.0,84.0,439.33,-2.1001,18.0,21.0,40.0,4.0
53.0,12.0,13.0,0.0,0.0,0.0,0.0,0.0,0.0,0.0,0.0,10.0,7.0,6.0,2.0,0.0,0.0,2.0,0.0,78.0,81.0,409.9,0.6076,19.0,17.0,38.0,4.0
25.0,3.0,3.0,0.0,0.0,2.0,0.0,0.0,0.0,0.0,2.0,0.0,0.0,0.0,2.0,2.0,0.0,1.0,2.0,33.0,36.0,53.09,3.707,0.0,4.0,7.0,4.0
18.0,1.0,2.0,0.0,0.0,0.0,0.0,0.0,0.0,0.0,0.0,0.0,1.0,0.0,1.0,0.0,0.0,0.0,1.0,21.0,24.0,40.54,2.9666,1.0,3.0,2.0,4.0
53.0,16.0,18.0,1.0,0.0,0.0,0.0,0.0,0.0,0.0,0.0,13.0,10.0,8.0,2.0,0.0,0.0,2.0,0.0,88.0,90.0,589.75,-4.43923,25.0,24.0,49.0,3.0
23.0,4.0,2.0,0.0,0.0,0.0,0.0,0.0,0.0,0.0,1.0,0.0,1.0,0.0,2.0,0.0,0.0,0.0,2.0,29.0,31.0,68.17,2.3886,2.0,5.0,8.0,3.0
101.0,36.0,25.0,0.0,0.0,0.0,0.0,0.0,0.0,0.0,0.0,30.0,14.0,11.0,4.0,0.0,0.0,0.0,0.0,162.0,165.0,1072.92,-7.37718,50.0,38.0,92.0,4.0
26.0,5.0,3.0,0.0,0.0,0.0,2.0,0.0,0.0,0.0,0.0,1.0,0.0,0.0,3.0,2.0,0.0,0.0,3.0,36.0,39.0,82.88,5.19038,1.0,8.0,9.0,4.0
14.0,2.0,1.0,0.0,0.0,0.0,0.0,0.0,0.0,0.0,0.0,0.0,0.0,0.0,1.0,0.0,0.0,2.0,0.0,17.0,18.0,34.37,3.2964,0.0,3.0,3.0,2.0
17.0,3.0,3.0,1.0,0.0,1.0,0.0,0.0,0.0,0.0,0.0,0.0,1.0,1.0,2.0,1.0,0.0,0.0,4.0,25.0,28.0,65.78,1.6963,1.0,6.0,2.0,4.0
25.0,2.0,5.0,0.0,0.0,0.0,0.0,0.0,0.0,0.0,1.0,1.0,1.0,1.0,2.0,0.0,0.0,0.0,1.0,32.0,34.0,95.94,2.5671,2.0,5.0,9.0,3.0
77.0,22.0,25.0,0.0,0.0,0.0,0.0,0.0,0.0,0.0,0.0,19.0,14.0,11.0,2.0,0.0,0.0,2.0,0.0,124.0,127.0,785.85,-6.53113,34.0,34.0,70.0,4.0
16.0,2.0,1.0,1.0,0.0,0.0,3.0,0.0,0.0,0.0,0.0,0.0,0.0,0.0,1.0,3.0,0.0,3.0,0.0,23.0,25.0,27.05,5.8629,0.0,4.0,6.0,3.0
19.0,2.0,0.0,0.0,0.0,0.0,0.0,0.0,0.0,0.0,0.0,0.0,0.0,0.0,1.0,0.0,0.0,1.0,0.0,21.0,23.0,8.17,4.252,0.0,2.0,4.0,3.0
15.0,2.0,1.0,0.0,0.0,0.0,0.0,0.0,0.0,0.0,2.0,0.0,0.0,0.0,2.0,0.0,0.0,0.0,0.0,18.0,20.0,46.33,3.002,1.0,1.0,0.0,3.0
19.0,3.0,4.0,1.0,0.0,0.0,0.0,0.0,0.0,0.0,2.0,1.0,1.0,1.0,0.0,0.0,0.0,1.0,0.0,27.0,31.0,112.73,0.9158,3.0,5.0,3.0,6.0
26.0,0.0,7.0,0.0,0.0,0.0,0.0,0.0,0.0,0.0,0.0,0.0,2.0,1.0,2.0,0.0,0.0,0.0,0.0,33.0,34.0,102.29,5.2749,2.0,6.0,15.0,2.0
25.0,5.0,1.0,1.0,0.0,0.0,0.0,0.0,0.0,0.0,0.0,0.0,0.0,0.0,4.0,0.0,0.0,1.0,4.0,32.0,36.0,63.91,4.6317,0.0,7.0,6.0,5.0
16.0,7.0,1.0,1.0,0.0,0.0,0.0,0.0,0.0,0.0,1.0,1.0,0.0,0.0,2.0,0.0,0.0,1.0,4.0,25.0,28.0,109.92,1.29894,2.0,8.0,3.0,4.0
17.0,1.0,1.0,0.0,0.0,0.0,0.0,0.0,0.0,0.0,0.0,1.0,0.0,0.0,2.0,0.0,0.0,0.0,0.0,19.0,20.0,21.26,3.72462,1.0,2.0,6.0,2.0
13.0,1.0,5.0,1.0,0.0,0.0,0.0,0.0,0.0,0.0,0.0,0.0,1.0,1.0,1.0,0.0,0.0,0.0,0.0,20.0,21.0,104.46,0.80018,1.0,5.0,4.0,2.0
17.0,1.0,2.0,0.0,0.0,0.0,0.0,0.0,0.0,0.0,1.0,0.0,1.0,0.0,1.0,0.0,0.0,0.0,0.0,20.0,22.0,49.33,2.6625,2.0,2.0,5.0,3.0
15.0,1.0,3.0,2.0,0.0,0.0,0.0,0.0,0.0,0.0,1.0,0.0,1.0,1.0,1.0,0.0,0.0,2.0,0.0,21.0,22.0,57.61,2.9187,1.0,4.0,4.0,2.0
8.0,1.0,2.0,0.0,0.0,0.0,0.0,0.0,0.0,0.0,2.0,0.0,0.0,0.0,0.0,0.0,0.0,0.0,1.0,11.0,11.0,46.17,0.8393,1.0,2.0,1.0,1.0
114.0,28.0,28.0,3.0,0.0,0.0,0.0,0.0,0.0,0.0,0.0,27.0,15.0,13.0,2.0,0.0,0.0,1.0,0.0,173.0,175.0,923.36,-1.1629,44.0,46.0,105.0,3.0
28.0,6.0,7.0,0.0,0.0,0.0,0.0,0.0,0.0,0.0,0.0,5.0,4.0,3.0,1.0,0.0,0.0,1.0,0.0,41.0,42.0,223.5,0.1046,9.0,10.0,20.0,2.0
128.0,50.0,31.0,1.0,0.0,0.0,0.0,0.0,0.0,0.0,0.0,41.0,17.0,14.0,2.0,0.0,0.0,3.0,0.0,210.0,213.0,1419.02,-11.63148,65.0,55.0,130.0,4.0
134.0,39.0,31.0,1.0,0.0,0.0,0.0,0.0,0.0,0.0,2.0,32.0,15.0,14.0,1.0,0.0,0.0,4.0,0.0,205.0,208.0,1169.07,-2.53533,52.0,51.0,126.0,4.0
16.0,1.0,0.0,0.0,0.0,0.0,0.0,0.0,0.0,0.0,0.0,0.0,0.0,0.0,2.0,0.0,0.0,1.0,0.0,17.0,20.0,16.61,2.1243,1.0,0.0,0.0,4.0
9.0,3.0,6.0,0.0,0.0,0.0,0.0,0.0,0.0,0.0,1.0,0.0,4.0,0.0,0.0,0.0,0.0,3.0,0.0,18.0,19.0,151.06,-2.7009,5.0,8.0,3.0,2.0
25.0,0.0,5.0,0.0,0.0,0.0,0.0,0.0,0.0,0.0,0.0,0.0,1.0,0.0,0.0,0.0,0.0,0.0,1.0,30.0,32.0,72.83,4.5856,1.0,5.0,6.0,3.0
17.0,4.0,0.0,0.0,0.0,0.0,1.0,0.0,0.0,0.0,0.0,0.0,0.0,0.0,2.0,1.0,0.0,0.0,4.0,22.0,24.0,32.26,2.9654,0.0,4.0,4.0,3.0
30.0,5.0,7.0,2.0,0.0,0.0,0.0,0.0,0.0,0.0,4.0,1.0,2.0,1.0,2.0,0.0,0.0,0.0,0.0,44.0,46.0,199.95,1.1121,7.0,9.0,7.0,3.0
27.0,3.0,7.0,1.0,0.0,0.0,0.0,0.0,0.0,0.0,1.0,1.0,1.0,0.0,2.0,0.0,1.0,2.0,0.0,38.0,41.0,140.42,2.3753,3.0,8.0,11.0,4.0
17.0,4.0,3.0,2.0,0.0,3.0,0.0,0.0,0.0,0.0,1.0,1.0,0.0,0.0,2.0,3.0,0.0,1.0,2.0,29.0,31.0,115.04,3.11384,2.0,7.0,4.0,3.0
22.0,3.0,1.0,2.0,0.0,0.0,1.0,0.0,0.0,0.0,1.0,0.0,0.0,0.0,2.0,1.0,0.0,2.0,3.0,30.0,33.0,35.58,5.1004,1.0,5.0,4.0,5.0
26.0,2.0,4.0,0.0,0.0,0.0,0.0,0.0,0.0,0.0,2.0,0.0,0.0,0.0,1.0,0.0,0.0,0.0,2.0,33.0,35.0,59.08,4.3128,0.0,5.0,9.0,4.0
12.0,3.0,5.0,0.0,0.0,0.0,0.0,0.0,0.0,0.0,1.0,0.0,1.0,0.0,1.0,0.0,0.0,1.0,0.0,20.0,21.0,117.97,1.6573,2.0,6.0,4.0,2.0
45.0,16.0,14.0,0.0,0.0,0.0,0.0,0.0,0.0,0.0,0.0,13.0,7.0,7.0,1.0,0.0,0.0,2.0,0.0,75.0,76.0,525.98,-4.14943,22.0,20.0,43.0,2.0
22.0,1.0,7.0,0.0,0.0,0.0,0.0,0.0,0.0,0.0,0.0,0.0,0.0,0.0,2.0,0.0,0.0,3.0,1.0,30.0,34.0,75.69,2.8818,0.0,8.0,4.0,5.0
75.0,20.0,19.0,1.0,0.0,0.0,0.0,0.0,0.0,0.0,0.0,15.0,10.0,9.0,3.0,0.0,0.0,4.0,0.0,115.0,120.0,649.91,-1.08703,28.0,27.0,61.0,6.0
23.0,6.0,3.0,0.0,0.0,0.0,1.0,0.0,0.0,0.0,1.0,0.0,0.0,0.0,2.0,1.0,0.0,2.0,2.0,33.0,37.0,94.65,2.9331,0.0,7.0,3.0,5.0
21.0,0.0,5.0,0.0,0.0,0.0,0.0,0.0,0.0,0.0,0.0,0.0,2.0,0.0,0.0,0.0,0.0,0.0,0.0,26.0,29.0,91.67,1.7658,2.0,5.0,2.0,4.0
19.0,1.0,2.0,0.0,0.0,0.0,0.0,0.0,0.0,0.0,0.0,0.0,1.0,0.0,2.0,0.0,0.0,0.0,1.0,22.0,25.0,33.9,1.99052,2.0,2.0,0.0,4.0
21.0,3.0,2.0,1.0,0.0,1.0,0.0,0.0,0.0,0.0,0.0,0.0,0.0,0.0,2.0,1.0,0.0,2.0,2.0,28.0,31.0,55.2,2.93392,0.0,6.0,5.0,4.0
23.0,0.0,4.0,0.0,0.0,0.0,0.0,0.0,0.0,0.0,0.0,0.0,0.0,0.0,2.0,0.0,0.0,0.0,0.0,27.0,29.0,52.6,5.3032,0.0,4.0,4.0,3.0
17.0,2.0,2.0,0.0,0.0,0.0,0.0,0.0,0.0,0.0,1.0,0.0,1.0,0.0,2.0,0.0,0.0,0.0,1.0,21.0,22.0,53.43,2.2062,1.0,3.0,6.0,2.0
14.0,4.0,2.0,0.0,0.0,0.0,0.0,0.0,0.0,0.0,1.0,0.0,0.0,0.0,0.0,0.0,0.0,2.0,3.0,20.0,22.0,61.46,0.4052,1.0,4.0,3.0,3.0
19.0,0.0,8.0,0.0,0.0,0.0,0.0,0.0,0.0,0.0,0.0,0.0,1.0,1.0,2.0,0.0,0.0,0.0,0.0,27.0,29.0,124.04,2.0108,1.0,7.0,3.0,3.0
23.0,2.0,3.0,0.0,0.0,0.0,0.0,0.0,0.0,0.0,1.0,0.0,0.0,0.0,2.0,0.0,0.0,1.0,0.0,28.0,31.0,50.8,3.6292,1.0,4.0,6.0,4.0
4.0,0.0,1.0,0.0,0.0,4.0,1.0,0.0,0.0,0.0,0.0,0.0,0.0,0.0,0.0,5.0,0.0,0.0,0.0,10.0,10.0,9.23,1.8521,0.0,1.0,1.0,1.0
19.0,2.0,0.0,1.0,0.0,0.0,1.0,0.0,0.0,0.0,0.0,0.0,0.0,0.0,2.0,1.0,0.0,0.0,2.0,23.0,26.0,6.48,4.3358,0.0,3.0,1.0,4.0
9.0,6.0,0.0,0.0,0.0,0.0,0.0,0.0,0.0,0.0,0.0,1.0,0.0,0.0,1.0,0.0,0.0,3.0,1.0,15.0,16.0,83.72,0.5149,2.0,5.0,2.0,2.0
33.0,4.0,6.0,0.0,0.0,0.0,0.0,0.0,0.0,0.0,1.0,0.0,1.0,0.0,3.0,0.0,0.0,1.0,4.0,43.0,49.0,114.2,4.0911,1.0,9.0,4.0,7.0
147.0,40.0,50.0,0.0,0.0,0.0,0.0,0.0,0.0,0.0,2.0,34.0,26.0,22.0,4.0,0.0,0.0,3.0,0.0,237.0,242.0,1521.0,-10.69653,65.0,62.0,137.0,6.0
23.0,0.0,5.0,0.0,0.0,0.0,0.0,0.0,0.0,0.0,0.0,0.0,1.0,0.0,0.0,0.0,0.0,0.0,1.0,28.0,30.0,72.83,3.9495,1.0,5.0,6.0,3.0
23.0,3.0,1.0,0.0,0.0,0.0,0.0,0.0,0.0,0.0,1.0,0.0,0.0,0.0,2.0,0.0,0.0,2.0,0.0,27.0,29.0,37.61,4.80924,0.0,3.0,7.0,3.0
21.0,5.0,2.0,0.0,0.0,0.0,0.0,0.0,0.0,0.0,1.0,0.0,0.0,0.0,3.0,0.0,0.0,2.0,2.0,28.0,31.0,72.5,2.3132,0.0,6.0,4.0,4.0
4.0,2.0,0.0,0.0,0.0,0.0,0.0,0.0,0.0,0.0,0.0,0.0,0.0,0.0,0.0,0.0,0.0,2.0,0.0,6.0,6.0,28.68,0.71812,1.0,1.0,0.0,1.0
22.0,4.0,1.0,0.0,0.0,0.0,3.0,0.0,0.0,0.0,1.0,0.0,0.0,0.0,2.0,3.0,0.0,2.0,1.0,30.0,33.0,50.16,5.93862,1.0,4.0,4.0,4.0
22.0,2.0,9.0,0.0,0.0,0.0,0.0,0.0,0.0,0.0,1.0,0.0,6.0,0.0,1.0,0.0,0.0,0.0,0.0,33.0,36.0,201.85,-1.4002,7.0,10.0,2.0,4.0
22.0,7.0,6.0,2.0,0.0,0.0,0.0,0.0,0.0,0.0,3.0,1.0,1.0,1.0,1.0,0.0,0.0,3.0,2.0,37.0,41.0,180.19,-0.9392,4.0,10.0,8.0,5.0
12.0,4.0,6.0,0.0,0.0,0.0,0.0,0.0,0.0,0.0,0.0,4.0,4.0,0.0,0.0,0.0,0.0,0.0,1.0,22.0,23.0,203.46,-5.1156,8.0,10.0,3.0,2.0
52.0,15.0,15.0,1.0,0.0,0.0,0.0,0.0,0.0,0.0,1.0,12.0,7.0,7.0,2.0,0.0,0.0,1.0,0.0,83.0,85.0,531.6,-3.04673,21.0,21.0,45.0,3.0
8.0,1.0,5.0,1.0,0.0,0.0,0.0,0.0,0.0,0.0,1.0,0.0,1.0,1.0,0.0,0.0,0.0,1.0,0.0,15.0,16.0,91.75,-0.795,1.0,4.0,1.0,2.0
12.0,1.0,0.0,0.0,0.0,0.0,0.0,0.0,0.0,0.0,0.0,0.0,0.0,0.0,1.0,0.0,0.0,0.0,1.0,13.0,14.0,3.24,2.4055,0.0,1.0,1.0,2.0
12.0,4.0,7.0,0.0,0.0,0.0,0.0,0.0,0.0,0.0,4.0,0.0,4.0,0.0,0.0,0.0,0.0,0.0,2.0,23.0,23.0,180.58,-3.8059,7.0,8.0,7.0,1.0
25.0,8.0,7.0,2.0,0.0,0.0,0.0,0.0,0.0,0.0,3.0,0.0,3.0,1.0,2.0,0.0,0.0,4.0,2.0,42.0,46.0,212.76,0.32672,5.0,13.0,9.0,5.0
20.0,4.0,3.0,2.0,0.0,0.0,0.0,0.0,0.0,0.0,1.0,1.0,0.0,0.0,2.0,0.0,0.0,1.0,2.0,29.0,31.0,115.04,3.39254,2.0,7.0,4.0,3.0
11.0,0.0,2.0,0.0,0.0,0.0,0.0,0.0,0.0,0.0,0.0,0.0,0.0,0.0,1.0,0.0,0.0,0.0,0.0,13.0,14.0,34.14,2.0119,0.0,2.0,0.0,2.0
20.0,3.0,4.0,1.0,0.0,1.0,0.0,0.0,0.0,0.0,1.0,1.0,0.0,0.0,2.0,1.0,1.0,1.0,0.0,29.0,31.0,101.73,1.8761,2.0,5.0,7.0,3.0
21.0,1.0,0.0,1.0,0.0,0.0,1.0,0.0,0.0,0.0,0.0,0.0,0.0,0.0,2.0,1.0,0.0,0.0,2.0,24.0,28.0,3.24,5.5781,0.0,2.0,1.0,6.0
15.0,4.0,6.0,0.0,0.0,0.0,2.0,0.0,0.0,0.0,0.0,0.0,2.0,0.0,2.0,2.0,0.0,3.0,1.0,27.0,29.0,149.46,3.28004,2.0,8.0,3.0,3.0
136.0,35.0,40.0,6.0,0.0,0.0,0.0,0.0,0.0,0.0,1.0,31.0,22.0,17.0,2.0,0.0,0.0,3.0,0.0,217.0,221.0,1229.5,-7.0436,61.0,62.0,128.0,5.0
29.0,3.0,2.0,0.0,0.0,1.0,0.0,0.0,0.0,0.0,0.0,0.0,0.0,0.0,2.0,1.0,0.0,2.0,0.0,35.0,38.0,58.22,6.0345,1.0,4.0,10.0,4.0
27.0,3.0,7.0,1.0,0.0,0.0,0.0,0.0,0.0,0.0,1.0,1.0,1.0,0.0,2.0,0.0,1.0,2.0,0.0,38.0,41.0,140.42,2.3753,3.0,8.0,11.0,4.0
13.0,1.0,3.0,0.0,0.0,0.0,0.0,0.0,0.0,0.0,0.0,1.0,0.0,0.0,1.0,0.0,0.0,0.0,2.0,17.0,18.0,39.72,1.4525,1.0,4.0,5.0,2.0
49.0,13.0,14.0,0.0,0.0,0.0,0.0,0.0,0.0,0.0,1.0,10.0,7.0,6.0,2.0,0.0,0.0,2.0,0.0,76.0,79.0,466.98,-1.7206,20.0,18.0,38.0,4.0
28.0,0.0,6.0,0.0,0.0,0.0,0.0,0.0,0.0,0.0,0.0,0.0,2.0,2.0,2.0,0.0,0.0,0.0,0.0,34.0,36.0,93.06,6.201,2.0,4.0,10.0,3.0
20.0,2.0,2.0,0.0,0.0,0.0,0.0,0.0,0.0,0.0,0.0,0.0,1.0,0.0,2.0,0.0,0.0,0.0,2.0,24.0,27.0,45.59,3.1732,1.0,4.0,4.0,5.0
19.0,2.0,1.0,0.0,0.0,0.0,0.0,0.0,0.0,0.0,1.0,0.0,0.0,0.0,1.0,0.0,0.0,0.0,2.0,22.0,26.0,23.55,2.6565,0.0,2.0,1.0,6.0
18.0,2.0,6.0,1.0,0.0,0.0,0.0,0.0,0.0,0.0,2.0,0.0,1.0,1.0,1.0,0.0,0.0,0.0,1.0,27.0,29.0,113.01,0.5308,2.0,6.0,6.0,3.0
185.0,52.0,51.0,2.0,0.0,0.0,0.0,0.0,0.0,0.0,5.0,43.0,23.0,23.0,2.0,0.0,0.0,3.0,0.0,290.0,293.0,1730.35,-7.18043,73.0,74.0,175.0,4.0
35.0,8.0,4.0,0.0,0.0,0.0,2.0,0.0,0.0,0.0,0.0,1.0,0.0,0.0,3.0,2.0,0.0,8.0,2.0,49.0,55.0,101.62,5.0916,1.0,12.0,11.0,7.0
13.0,5.0,3.0,0.0,0.0,0.0,0.0,0.0,0.0,0.0,1.0,1.0,1.0,0.0,1.0,0.0,0.0,0.0,2.0,21.0,21.0,99.61,1.1452,3.0,7.0,7.0,1.0
25.0,5.0,4.0,0.0,0.0,0.0,0.0,0.0,0.0,0.0,3.0,0.0,0.0,0.0,2.0,0.0,0.0,2.0,2.0,34.0,38.0,110.76,2.6996,1.0,6.0,5.0,5.0
11.0,4.0,4.0,0.0,0.0,0.0,0.0,0.0,0.0,0.0,0.0,1.0,3.0,0.0,0.0,0.0,0.0,3.0,0.0,19.0,21.0,112.13,-1.1798,4.0,8.0,2.0,3.0
48.0,16.0,12.0,0.0,0.0,0.0,0.0,0.0,0.0,0.0,1.0,13.0,6.0,5.0,2.0,0.0,0.0,0.0,0.0,76.0,77.0,509.87,-3.58846,22.0,18.0,41.0,2.0
45.0,13.0,11.0,0.0,0.0,0.0,0.0,0.0,0.0,0.0,1.0,10.0,5.0,5.0,1.0,0.0,0.0,1.0,0.0,69.0,70.0,404.96,-1.25223,17.0,16.0,37.0,2.0
22.0,3.0,2.0,0.0,0.0,1.0,0.0,0.0,0.0,0.0,0.0,0.0,0.0,0.0,2.0,1.0,0.0,2.0,1.0,28.0,31.0,58.1,3.6784,1.0,4.0,6.0,4.0
48.0,8.0,11.0,0.0,0.0,0.0,0.0,0.0,0.0,0.0,0.0,6.0,6.0,5.0,3.0,0.0,0.0,2.0,0.0,67.0,71.0,311.93,1.9968,13.0,13.0,29.0,5.0
14.0,2.0,3.0,0.0,0.0,0.0,0.0,0.0,0.0,0.0,1.0,0.0,2.0,0.0,0.0,0.0,0.0,0.0,2.0,19.0,19.0,72.8,0.2543,3.0,4.0,3.0,1.0
15.0,2.0,2.0,0.0,0.0,0.0,1.0,0.0,0.0,0.0,0.0,2.0,2.0,0.0,2.0,1.0,0.0,0.0,0.0,20.0,22.0,64.52,2.0813,4.0,4.0,1.0,3.0
35.0,2.0,4.0,0.0,0.0,0.0,0.0,0.0,0.0,0.0,0.0,0.0,0.0,0.0,0.0,0.0,0.0,0.0,2.0,41.0,46.0,52.6,6.1105,0.0,4.0,4.0,6.0
5.0,5.0,0.0,0.0,0.0,0.0,0.0,0.0,0.0,0.0,0.0,1.0,0.0,0.0,1.0,0.0,0.0,2.0,2.0,10.0,11.0,80.48,-0.0649,2.0,4.0,0.0,2.0
47.0,14.0,11.0,0.0,0.0,0.0,0.0,0.0,0.0,0.0,0.0,10.0,6.0,5.0,1.0,0.0,0.0,3.0,0.0,72.0,74.0,410.78,-1.19103,18.0,17.0,37.0,3.0
50.0,6.0,16.0,0.0,0.0,0.0,0.0,0.0,0.0,0.0,2.0,0.0,10.0,0.0,2.0,0.0,0.0,0.0,0.0,72.0,79.0,341.74,-0.688,12.0,20.0,11.0,8.0
10.0,3.0,0.0,0.0,0.0,3.0,1.0,0.0,0.0,0.0,0.0,0.0,0.0,0.0,1.0,4.0,0.0,0.0,3.0,17.0,18.0,33.99,0.5563,1.0,1.0,1.0,2.0
26.0,1.0,4.0,0.0,0.0,0.0,0.0,1.0,0.0,0.0,0.0,0.0,0.0,0.0,1.0,1.0,0.0,0.0,2.0,32.0,35.0,36.92,5.2923,0.0,4.0,10.0,5.0
25.0,3.0,4.0,0.0,0.0,3.0,0.0,0.0,0.0,0.0,1.0,1.0,1.0,0.0,2.0,3.0,0.0,1.0,0.0,35.0,37.0,97.05,3.0711,3.0,6.0,13.0,3.0
20.0,2.0,1.0,1.0,0.0,0.0,3.0,0.0,0.0,0.0,0.0,0.0,0.0,0.0,2.0,3.0,0.0,3.0,0.0,27.0,30.0,27.05,7.0161,0.0,4.0,6.0,4.0
76.0,18.0,19.0,2.0,0.0,0.0,0.0,0.0,0.0,0.0,0.0,17.0,11.0,8.0,4.0,0.0,0.0,1.0,0.0,115.0,119.0,635.35,-2.9465,31.0,30.0,63.0,5.0
16.0,5.0,4.0,3.0,0.0,0.0,0.0,0.0,0.0,0.0,2.0,0.0,1.0,1.0,0.0,0.0,0.0,4.0,1.0,28.0,31.0,128.28,0.9396,3.0,8.0,7.0,4.0
29.0,3.0,10.0,0.0,0.0,0.0,0.0,0.0,0.0,0.0,1.0,0.0,6.0,1.0,1.0,0.0,0.0,0.0,1.0,42.0,46.0,208.17,0.1706,7.0,11.0,5.0,5.0
164.0,94.0,35.0,0.0,0.0,0.0,0.0,0.0,0.0,0.0,0.0,71.0,18.0,17.0,0.0,0.0,0.0,2.0,0.0,293.0,294.0,2323.57,-26.03163,110.0,70.0,178.0,2.0
17.0,0.0,3.0,0.0,0.0,0.0,0.0,0.0,0.0,0.0,0.0,0.0,1.0,0.0,1.0,0.0,0.0,1.0,0.0,20.0,23.0,38.69,2.7412,1.0,3.0,1.0,4.0
20.0,2.0,1.0,0.0,0.0,1.0,0.0,0.0,0.0,0.0,0.0,0.0,0.0,0.0,2.0,1.0,0.0,1.0,0.0,24.0,26.0,36.26,3.81298,0.0,3.0,5.0,3.0
21.0,2.0,1.0,1.0,0.0,0.0,0.0,0.0,0.0,0.0,1.0,0.0,0.0,0.0,1.0,0.0,0.0,2.0,0.0,25.0,28.0,23.55,4.3092,0.0,3.0,4.0,4.0
18.0,2.0,2.0,1.0,0.0,0.0,0.0,0.0,0.0,0.0,0.0,0.0,0.0,0.0,2.0,0.0,0.0,0.0,2.0,23.0,25.0,40.62,3.1686,0.0,4.0,4.0,3.0
14.0,4.0,0.0,0.0,0.0,0.0,1.0,0.0,0.0,0.0,0.0,1.0,0.0,0.0,1.0,1.0,0.0,2.0,0.0,19.0,21.0,39.99,2.2652,1.0,4.0,1.0,3.0
19.0,4.0,1.0,1.0,0.0,0.0,0.0,0.0,0.0,0.0,0.0,0.0,0.0,0.0,3.0,0.0,0.0,1.0,3.0,25.0,28.0,51.02,3.6238,0.0,6.0,3.0,4.0
22.0,2.0,0.0,0.0,0.0,0.0,0.0,0.0,0.0,0.0,0.0,0.0,0.0,0.0,3.0,0.0,0.0,1.0,1.0,24.0,27.0,17.82,4.8698,0.0,2.0,5.0,4.0
21.0,1.0,0.0,0.0,0.0,0.0,0.0,0.0,0.0,0.0,0.0,0.0,0.0,0.0,2.0,0.0,0.0,0.0,0.0,22.0,24.0,3.24,4.5049,0.0,1.0,4.0,3.0
41.0,1.0,15.0,0.0,0.0,0.0,0.0,0.0,0.0,0.0,0.0,0.0,3.0,0.0,0.0,0.0,0.0,0.0,2.0,57.0,59.0,206.05,2.7674,3.0,16.0,12.0,3.0
16.0,2.0,5.0,0.0,1.0,0.0,0.0,0.0,0.0,0.0,3.0,0.0,2.0,0.0,2.0,0.0,0.0,2.0,0.0,24.0,26.0,106.94,1.6172,3.0,3.0,4.0,3.0
14.0,4.0,3.0,1.0,0.0,0.0,0.0,0.0,0.0,0.0,0.0,1.0,0.0,0.0,0.0,0.0,0.0,2.0,0.0,22.0,23.0,87.34,2.9228,2.0,6.0,9.0,2.0
81.0,16.0,19.0,1.0,0.0,0.0,0.0,0.0,0.0,0.0,0.0,10.0,10.0,9.0,3.0,0.0,0.0,6.0,0.0,117.0,125.0,550.19,3.2457,21.0,26.0,53.0,9.0
11.0,2.0,4.0,0.0,0.0,0.0,0.0,0.0,3.0,0.0,2.0,0.0,1.0,1.0,0.0,3.0,0.0,0.0,0.0,20.0,20.0,95.5,1.28439,3.0,3.0,3.0,1.0
13.0,5.0,2.0,0.0,0.0,0.0,0.0,0.0,0.0,0.0,0.0,0.0,0.0,0.0,1.0,0.0,0.0,5.0,1.0,20.0,22.0,78.34,1.96714,0.0,7.0,3.0,3.0
9.0,1.0,3.0,0.0,0.0,0.0,0.0,0.0,0.0,0.0,0.0,0.0,2.0,0.0,1.0,0.0,0.0,0.0,1.0,13.0,13.0,62.46,0.1086,2.0,4.0,3.0,1.0
22.0,3.0,6.0,1.0,0.0,1.0,0.0,0.0,0.0,0.0,0.0,0.0,3.0,1.0,2.0,1.0,1.0,0.0,2.0,33.0,34.0,140.92,2.4017,3.0,7.0,10.0,2.0
14.0,6.0,1.0,0.0,0.0,0.0,0.0,0.0,0.0,0.0,0.0,2.0,1.0,0.0,1.0,0.0,0.0,2.0,2.0,21.0,24.0,101.88,1.0923,3.0,7.0,4.0,4.0
27.0,2.0,7.0,0.0,0.0,0.0,0.0,0.0,0.0,0.0,1.0,1.0,1.0,1.0,2.0,0.0,0.0,0.0,1.0,36.0,38.0,114.4,2.5843,2.0,7.0,11.0,3.0
87.0,23.0,30.0,0.0,0.0,0.0,0.0,0.0,0.0,0.0,1.0,19.0,16.0,13.0,1.0,0.0,0.0,3.0,0.0,140.0,143.0,854.95,-7.3215,36.0,39.0,79.0,4.0
23.0,3.0,1.0,0.0,0.0,0.0,0.0,0.0,0.0,0.0,0.0,0.0,0.0,0.0,4.0,0.0,0.0,0.0,2.0,27.0,30.0,58.68,4.43818,0.0,4.0,3.0,4.0
38.0,2.0,10.0,0.0,0.0,0.0,0.0,0.0,0.0,0.0,0.0,0.0,2.0,0.0,4.0,0.0,0.0,0.0,2.0,50.0,56.0,171.2,3.9784,2.0,12.0,8.0,7.0
46.0,4.0,10.0,0.0,0.0,0.0,0.0,0.0,0.0,0.0,1.0,0.0,2.0,0.0,2.0,0.0,0.0,3.0,1.0,60.0,68.0,173.57,0.6833,5.0,10.0,8.0,9.0
7.0,1.0,2.0,0.0,0.0,0.0,1.0,0.0,0.0,0.0,0.0,0.0,0.0,0.0,1.0,1.0,0.0,2.0,0.0,11.0,12.0,46.0,1.7745,1.0,2.0,0.0,2.0
19.0,4.0,2.0,1.0,0.0,0.0,0.0,0.0,0.0,0.0,0.0,0.0,0.0,0.0,2.0,0.0,0.0,3.0,1.0,26.0,29.0,78.79,3.37342,1.0,5.0,5.0,4.0
23.0,1.0,3.0,0.0,0.0,0.0,0.0,0.0,0.0,0.0,0.0,0.0,1.0,0.0,2.0,0.0,0.0,0.0,1.0,27.0,29.0,49.77,3.707,1.0,4.0,7.0,3.0
18.0,3.0,0.0,0.0,0.0,1.0,0.0,0.0,0.0,0.0,0.0,0.0,0.0,0.0,2.0,1.0,0.0,1.0,2.0,22.0,25.0,31.92,3.3028,1.0,2.0,3.0,4.0
21.0,0.0,6.0,0.0,0.0,0.0,1.0,0.0,0.0,0.0,0.0,0.0,4.0,0.0,2.0,1.0,0.0,0.0,1.0,28.0,30.0,99.38,1.8444,4.0,6.0,6.0,3.0
23.0,1.0,3.0,0.0,0.0,0.0,0.0,0.0,0.0,0.0,0.0,0.0,0.0,0.0,2.0,0.0,0.0,0.0,1.0,27.0,29.0,35.53,4.7308,0.0,3.0,6.0,3.0
13.0,5.0,0.0,1.0,0.0,0.0,1.0,0.0,0.0,0.0,0.0,1.0,0.0,0.0,1.0,1.0,0.0,0.0,4.0,20.0,21.0,44.29,2.424,1.0,6.0,4.0,2.0
43.0,3.0,11.0,0.0,0.0,0.0,0.0,0.0,0.0,0.0,1.0,0.0,4.0,0.0,3.0,0.0,0.0,3.0,0.0,57.0,62.0,198.38,6.15784,5.0,13.0,2.0,6.0
11.0,3.0,0.0,0.0,0.0,0.0,0.0,0.0,0.0,0.0,0.0,2.0,0.0,0.0,1.0,0.0,0.0,3.0,0.0,14.0,16.0,27.3,0.5197,2.0,3.0,1.0,3.0
22.0,1.0,2.0,1.0,0.0,0.0,0.0,0.0,0.0,0.0,1.0,0.0,0.0,0.0,2.0,0.0,0.0,0.0,0.0,26.0,27.0,38.33,5.01182,1.0,3.0,9.0,2.0
14.0,2.0,0.0,0.0,0.0,0.0,0.0,0.0,0.0,0.0,0.0,1.0,0.0,0.0,2.0,0.0,0.0,2.0,0.0,16.0,18.0,24.39,2.384,1.0,2.0,2.0,3.0
13.0,1.0,2.0,0.0,0.0,0.0,0.0,0.0,0.0,0.0,0.0,1.0,0.0,0.0,1.0,0.0,0.0,0.0,2.0,16.0,17.0,30.49,2.2161,1.0,3.0,5.0,2.0
19.0,5.0,5.0,3.0,0.0,0.0,0.0,0.0,0.0,0.0,2.0,1.0,2.0,1.0,1.0,0.0,0.0,3.0,1.0,32.0,35.0,158.74,1.08282,4.0,10.0,7.0,4.0
21.0,5.0,1.0,0.0,0.0,0.0,0.0,1.0,0.0,0.0,1.0,2.0,0.0,0.0,2.0,1.0,0.0,0.0,4.0,28.0,30.0,78.94,2.63014,3.0,5.0,8.0,3.0
17.0,4.0,3.0,0.0,0.0,0.0,0.0,0.0,0.0,0.0,0.0,1.0,0.0,0.0,1.0,0.0,0.0,2.0,0.0,24.0,26.0,83.91,2.9912,1.0,6.0,6.0,3.0
14.0,4.0,0.0,0.0,0.0,0.0,1.0,0.0,0.0,0.0,0.0,1.0,0.0,0.0,1.0,1.0,0.0,2.0,0.0,19.0,21.0,42.21,2.64482,1.0,4.0,1.0,3.0
6.0,0.0,6.0,0.0,0.0,0.0,0.0,0.0,0.0,0.0,0.0,0.0,4.0,0.0,0.0,0.0,0.0,0.0,1.0,12.0,12.0,107.22,-3.0132,4.0,6.0,1.0,1.0
23.0,3.0,1.0,1.0,0.0,0.0,0.0,0.0,0.0,0.0,1.0,0.0,0.0,0.0,2.0,0.0,0.0,1.0,2.0,28.0,31.0,35.58,4.9134,1.0,4.0,6.0,4.0
33.0,2.0,5.0,0.0,0.0,1.0,0.0,0.0,0.0,0.0,1.0,0.0,3.0,1.0,3.0,1.0,0.0,1.0,0.0,41.0,44.0,111.79,6.3136,4.0,5.0,12.0,4.0
200.0,54.0,58.0,4.0,0.0,0.0,0.0,0.0,0.0,0.0,2.0,49.0,29.0,27.0,5.0,0.0,0.0,3.0,0.0,316.0,323.0,1869.95,-9.2096,86.0,85.0,189.0,8.0
21.0,7.0,12.0,0.0,0.0,0.0,0.0,0.0,0.0,0.0,0.0,5.0,7.0,0.0,0.0,0.0,0.0,1.0,1.0,40.0,42.0,331.43,-7.74176,14.0,15.0,9.0,3.0
44.0,1.0,12.0,0.0,0.0,0.0,0.0,0.0,0.0,0.0,1.0,0.0,3.0,0.0,0.0,0.0,0.0,0.0,2.0,57.0,60.0,178.36,4.639,3.0,12.0,7.0,4.0
22.0,0.0,5.0,0.0,0.0,1.0,0.0,0.0,0.0,0.0,0.0,0.0,3.0,0.0,0.0,1.0,0.0,0.0,0.0,28.0,31.0,94.83,1.8957,3.0,5.0,2.0,4.0
19.0,3.0,1.0,0.0,0.0,0.0,0.0,0.0,0.0,0.0,1.0,0.0,0.0,0.0,2.0,0.0,0.0,1.0,2.0,23.0,27.0,39.34,3.3148,1.0,2.0,0.0,5.0
25.0,4.0,2.0,1.0,0.0,0.0,0.0,0.0,0.0,0.0,0.0,1.0,0.0,0.0,3.0,0.0,0.0,1.0,2.0,32.0,35.0,74.16,4.5138,2.0,6.0,10.0,4.0
16.0,1.0,4.0,0.0,0.0,3.0,0.0,0.0,0.0,0.0,0.0,1.0,0.0,0.0,1.0,3.0,0.0,0.0,0.0,24.0,25.0,64.63,3.2791,1.0,5.0,4.0,2.0
26.0,0.0,5.0,0.0,0.0,0.0,0.0,0.0,0.0,0.0,0.0,0.0,3.0,0.0,1.0,0.0,0.0,0.0,0.0,31.0,32.0,86.99,4.1864,3.0,5.0,13.0,2.0
19.0,0.0,6.0,0.0,0.0,0.0,0.0,0.0,0.0,0.0,0.0,0.0,2.0,0.0,4.0,0.0,0.0,0.0,2.0,25.0,28.0,100.88,2.9014,2.0,6.0,2.0,4.0
10.0,5.0,2.0,0.0,0.0,0.0,1.0,0.0,0.0,0.0,1.0,0.0,0.0,0.0,1.0,1.0,0.0,4.0,0.0,18.0,19.0,95.92,1.1631,1.0,6.0,4.0,2.0
22.0,2.0,2.0,1.0,0.0,0.0,0.0,0.0,0.0,0.0,0.0,0.0,0.0,0.0,2.0,0.0,0.0,2.0,0.0,27.0,30.0,53.17,3.821,1.0,3.0,6.0,4.0
23.0,2.0,3.0,1.0,0.0,0.0,0.0,0.0,0.0,0.0,2.0,0.0,0.0,0.0,3.0,0.0,0.0,2.0,0.0,29.0,32.0,63.68,3.7955,0.0,3.0,6.0,4.0
75.0,20.0,22.0,0.0,0.0,0.0,0.0,0.0,0.0,0.0,0.0,17.0,11.0,11.0,3.0,0.0,0.0,2.0,0.0,117.0,120.0,695.32,-3.25373,30.0,28.0,64.0,4.0
23.0,6.0,4.0,0.0,0.0,0.0,0.0,0.0,0.0,0.0,1.0,2.0,1.0,0.0,2.0,0.0,0.0,2.0,1.0,33.0,36.0,136.03,2.8952,4.0,9.0,10.0,4.0
15.0,0.0,2.0,0.0,0.0,1.0,0.0,0.0,0.0,0.0,0.0,0.0,1.0,1.0,2.0,1.0,0.0,0.0,0.0,18.0,19.0,37.3,3.6808,1.0,1.0,3.0,2.0
5.0,5.0,0.0,1.0,0.0,0.0,0.0,0.0,0.0,0.0,0.0,1.0,0.0,0.0,1.0,0.0,0.0,2.0,2.0,11.0,12.0,83.38,0.59769,3.0,4.0,0.0,2.0
16.0,9.0,5.0,2.0,0.0,0.0,0.0,0.0,0.0,0.0,2.0,1.0,1.0,1.0,0.0,0.0,0.0,6.0,1.0,32.0,35.0,190.81,-1.19048,3.0,13.0,7.0,4.0
15.0,2.0,2.0,0.0,0.0,0.0,0.0,0.0,0.0,0.0,1.0,0.0,0.0,0.0,1.0,0.0,0.0,1.0,0.0,19.0,20.0,62.12,2.10478,1.0,3.0,5.0,2.0
18.0,1.0,1.0,0.0,0.0,0.0,0.0,0.0,0.0,0.0,0.0,1.0,1.0,0.0,2.0,0.0,0.0,0.0,1.0,20.0,22.0,32.26,2.9221,2.0,2.0,3.0,3.0
20.0,4.0,10.0,1.0,0.0,0.0,0.0,0.0,0.0,0.0,3.0,0.0,0.0,0.0,0.0,0.0,0.0,1.0,1.0,35.0,37.0,189.06,-0.1683,2.0,12.0,9.0,3.0
21.0,3.0,1.0,1.0,0.0,3.0,0.0,0.0,0.0,0.0,1.0,0.0,0.0,0.0,2.0,3.0,0.0,0.0,4.0,29.0,32.0,26.79,4.4722,0.0,4.0,3.0,4.0
15.0,6.0,5.0,1.0,0.0,0.0,0.0,0.0,0.0,0.0,0.0,3.0,2.0,0.0,0.0,0.0,0.0,3.0,4.0,27.0,30.0,170.24,-1.5038,5.0,11.0,2.0,4.0
24.0,2.0,1.0,1.0,0.0,0.0,2.0,0.0,0.0,0.0,0.0,0.0,0.0,0.0,3.0,2.0,0.0,2.0,0.0,30.0,33.0,27.05,7.2992,0.0,4.0,8.0,4.0
15.0,1.0,5.0,1.0,0.0,0.0,1.0,0.0,0.0,0.0,1.0,0.0,0.0,0.0,1.0,1.0,0.0,0.0,0.0,23.0,24.0,89.54,2.3484,1.0,5.0,4.0,2.0
50.0,6.0,16.0,0.0,0.0,0.0,0.0,0.0,0.0,0.0,2.0,0.0,10.0,0.0,2.0,0.0,0.0,0.0,0.0,72.0,79.0,341.74,-0.3748,12.0,20.0,11.0,8.0
23.0,3.0,3.0,1.0,0.0,0.0,0.0,0.0,0.0,0.0,0.0,2.0,0.0,0.0,2.0,0.0,1.0,1.0,1.0,30.0,33.0,70.67,2.9887,2.0,5.0,6.0,4.0
9.0,3.0,0.0,0.0,0.0,0.0,2.0,0.0,0.0,0.0,0.0,2.0,0.0,0.0,1.0,2.0,0.0,2.0,0.0,14.0,15.0,36.42,2.1737,2.0,1.0,1.0,2.0
32.0,3.0,4.0,1.0,0.0,0.0,0.0,0.0,0.0,0.0,2.0,0.0,2.0,0.0,2.0,0.0,0.0,0.0,1.0,40.0,43.0,103.1,3.33052,5.0,5.0,9.0,4.0
21.0,2.0,4.0,0.0,0.0,0.0,0.0,0.0,0.0,0.0,2.0,0.0,0.0,0.0,2.0,0.0,0.0,0.0,0.0,27.0,29.0,76.66,5.0442,2.0,4.0,6.0,3.0
16.0,0.0,5.0,0.0,0.0,0.0,0.0,0.0,0.0,0.0,0.0,0.0,0.0,0.0,0.0,0.0,0.0,0.0,4.0,21.0,24.0,46.15,2.8408,0.0,5.0,1.0,5.0
30.0,5.0,5.0,0.0,0.0,0.0,0.0,0.0,0.0,0.0,4.0,1.0,1.0,0.0,3.0,0.0,0.0,0.0,0.0,40.0,42.0,176.64,0.707,6.0,6.0,13.0,3.0
43.0,2.0,14.0,0.0,0.0,0.0,0.0,0.0,0.0,0.0,0.0,0.0,4.0,0.0,0.0,0.0,0.0,0.0,3.0,59.0,62.0,195.38,2.3251,4.0,16.0,11.0,4.0
22.0,2.0,2.0,0.0,0.0,0.0,0.0,0.0,0.0,0.0,0.0,0.0,1.0,1.0,2.0,0.0,0.0,1.0,1.0,26.0,28.0,53.43,4.01532,1.0,3.0,6.0,3.0
9.0,3.0,0.0,0.0,0.0,0.0,2.0,0.0,0.0,0.0,0.0,3.0,0.0,0.0,1.0,2.0,0.0,2.0,0.0,14.0,15.0,36.09,1.8817,3.0,3.0,2.0,2.0
45.0,12.0,14.0,1.0,0.0,0.0,0.0,0.0,0.0,0.0,0.0,10.0,7.0,7.0,2.0,0.0,0.0,2.0,0.0,72.0,74.0,438.06,-1.6858,18.0,19.0,39.0,3.0
21.0,1.0,2.0,1.0,0.0,0.0,0.0,0.0,0.0,0.0,1.0,0.0,0.0,0.0,2.0,0.0,0.0,0.0,0.0,25.0,26.0,38.33,4.62332,1.0,3.0,9.0,2.0
13.0,2.0,3.0,1.0,0.0,0.0,0.0,0.0,0.0,0.0,1.0,1.0,0.0,0.0,0.0,0.0,0.0,1.0,0.0,19.0,19.0,67.43,2.16972,2.0,5.0,6.0,1.0
193.0,48.0,57.0,0.0,0.0,0.0,0.0,0.0,0.0,0.0,4.0,37.0,28.0,25.0,5.0,0.0,0.0,5.0,0.0,298.0,307.0,1744.51,-5.85516,71.0,72.0,163.0,10.0
10.0,3.0,0.0,1.0,0.0,0.0,0.0,0.0,0.0,0.0,0.0,1.0,0.0,0.0,0.0,0.0,0.0,2.0,0.0,14.0,15.0,42.15,1.3119,1.0,4.0,2.0,2.0
21.0,1.0,1.0,0.0,0.0,0.0,0.0,0.0,0.0,0.0,0.0,0.0,0.0,0.0,1.0,0.0,0.0,0.0,0.0,23.0,25.0,12.47,4.3923,0.0,2.0,6.0,3.0
15.0,4.0,2.0,0.0,0.0,0.0,0.0,0.0,0.0,0.0,0.0,1.0,0.0,0.0,1.0,0.0,0.0,2.0,1.0,21.0,22.0,69.04,2.8399,1.0,6.0,7.0,2.0
15.0,8.0,5.0,0.0,0.0,0.0,0.0,0.0,0.0,0.0,1.0,1.0,3.0,0.0,1.0,0.0,0.0,5.0,2.0,28.0,31.0,186.46,-2.4347,5.0,12.0,4.0,4.0
95.0,32.0,23.0,0.0,0.0,0.0,0.0,0.0,0.0,0.0,2.0,26.0,11.0,10.0,2.0,0.0,0.0,1.0,0.0,150.0,152.0,991.45,-5.31609,43.0,36.0,90.0,3.0
50.0,14.0,13.0,0.0,0.0,0.0,0.0,0.0,0.0,0.0,0.0,12.0,7.0,6.0,1.0,0.0,0.0,1.0,0.0,77.0,78.0,443.46,-1.91093,20.0,19.0,42.0,2.0
19.0,3.0,1.0,0.0,0.0,0.0,0.0,0.0,0.0,0.0,2.0,0.0,0.0,0.0,1.0,0.0,0.0,2.0,0.0,23.0,26.0,35.58,3.119,1.0,2.0,1.0,4.0
18.0,2.0,0.0,0.0,0.0,0.0,0.0,0.0,1.0,0.0,0.0,0.0,0.0,0.0,1.0,1.0,0.0,0.0,2.0,21.0,23.0,6.48,4.263,0.0,2.0,4.0,3.0
18.0,4.0,0.0,0.0,0.0,0.0,1.0,0.0,0.0,0.0,0.0,1.0,0.0,0.0,2.0,1.0,0.0,0.0,2.0,23.0,26.0,30.87,2.0299,1.0,4.0,1.0,4.0
22.0,2.0,3.0,0.0,0.0,0.0,0.0,0.0,0.0,0.0,1.0,0.0,0.0,0.0,2.0,0.0,0.0,0.0,2.0,27.0,29.0,42.01,3.34806,0.0,4.0,5.0,3.0
41.0,11.0,14.0,0.0,0.0,0.0,0.0,0.0,0.0,0.0,0.0,9.0,8.0,6.0,1.0,0.0,0.0,1.0,0.0,66.0,67.0,427.6,-2.93383,18.0,17.0,35.0,2.0
7.0,4.0,2.0,0.0,0.0,0.0,0.0,0.0,0.0,0.0,0.0,1.0,0.0,0.0,2.0,0.0,0.0,0.0,3.0,13.0,14.0,92.79,-0.9162,1.0,4.0,0.0,2.0
20.0,6.0,1.0,0.0,0.0,0.0,0.0,1.0,0.0,0.0,0.0,2.0,0.0,0.0,3.0,1.0,0.0,0.0,2.0,28.0,30.0,120.64,4.7174,2.0,7.0,4.0,3.0
25.0,5.0,6.0,1.0,0.0,0.0,0.0,0.0,0.0,0.0,3.0,0.0,1.0,1.0,3.0,0.0,0.0,1.0,2.0,37.0,41.0,161.56,1.0259,4.0,7.0,6.0,5.0
18.0,4.0,2.0,0.0,0.0,0.0,0.0,0.0,0.0,0.0,1.0,1.0,0.0,0.0,2.0,0.0,0.0,0.0,3.0,24.0,26.0,67.35,2.9373,1.0,5.0,5.0,3.0
6.0,1.0,3.0,0.0,0.0,0.0,0.0,0.0,0.0,0.0,2.0,0.0,0.0,0.0,0.0,0.0,0.0,2.0,0.0,10.0,10.0,46.61,0.3736,0.0,3.0,0.0,1.0
29.0,4.0,9.0,0.0,0.0,0.0,0.0,0.0,0.0,0.0,0.0,1.0,6.0,0.0,1.0,0.0,0.0,0.0,2.0,42.0,46.0,194.34,-1.1727,7.0,13.0,6.0,5.0
13.0,6.0,4.0,3.0,0.0,3.0,0.0,0.0,0.0,0.0,2.0,0.0,1.0,1.0,0.0,3.0,0.0,4.0,1.0,29.0,31.0,130.31,0.2938,2.0,10.0,7.0,3.0
10.0,2.0,1.0,1.0,0.0,0.0,0.0,0.0,0.0,0.0,1.0,1.0,0.0,0.0,0.0,0.0,0.0,2.0,0.0,14.0,14.0,32.34,1.3038,1.0,2.0,4.0,1.0
18.0,4.0,1.0,0.0,0.0,0.0,0.0,0.0,0.0,0.0,1.0,0.0,0.0,0.0,1.0,0.0,0.0,2.0,1.0,23.0,26.0,50.16,2.3184,1.0,4.0,2.0,4.0
23.0,4.0,3.0,1.0,0.0,3.0,0.0,0.0,0.0,0.0,1.0,0.0,0.0,0.0,2.0,3.0,1.0,2.0,1.0,34.0,37.0,86.37,4.0311,1.0,4.0,6.0,4.0
25.0,1.0,1.0,0.0,0.0,0.0,0.0,0.0,0.0,0.0,0.0,0.0,0.0,0.0,3.0,0.0,0.0,0.0,0.0,27.0,29.0,12.47,5.4378,0.0,2.0,9.0,3.0
104.0,25.0,26.0,1.0,0.0,0.0,0.0,0.0,0.0,0.0,2.0,20.0,14.0,10.0,3.0,0.0,0.0,3.0,0.0,156.0,160.0,854.59,-2.153,37.0,39.0,89.0,5.0
215.0,61.0,65.0,1.0,0.0,0.0,0.0,0.0,0.0,0.0,46.0,11.0,13.0,6.0,3.0,0.0,0.0,6.0,0.0,342.0,349.0,2060.16,-22.91253,70.0,71.0,169.0,8.0
311.0,95.0,79.0,2.0,0.0,0.0,0.0,0.0,0.0,0.0,1.0,68.0,41.0,37.0,4.0,0.0,0.0,21.0,0.0,487.0,505.0,2837.06,-11.76895,123.0,121.0,274.0,19.0
27.0,2.0,5.0,0.0,0.0,0.0,0.0,0.0,0.0,0.0,0.0,0.0,2.0,0.0,4.0,0.0,0.0,0.0,2.0,34.0,37.0,101.65,4.05382,2.0,7.0,7.0,4.0
19.0,2.0,3.0,1.0,0.0,0.0,0.0,0.0,0.0,0.0,2.0,0.0,0.0,0.0,2.0,0.0,0.0,2.0,1.0,25.0,27.0,68.29,3.1596,1.0,5.0,7.0,3.0
19.0,1.0,0.0,1.0,0.0,0.0,0.0,0.0,0.0,0.0,0.0,0.0,0.0,0.0,2.0,0.0,0.0,0.0,0.0,22.0,23.0,3.24,4.7882,0.0,2.0,3.0,3.0
93.0,27.0,33.0,0.0,0.0,0.0,0.0,0.0,0.0,0.0,2.0,23.0,17.0,14.0,1.0,0.0,0.0,2.0,0.0,153.0,155.0,1020.75,-9.6367,43.0,43.0,90.0,3.0
18.0,2.0,1.0,0.0,0.0,0.0,0.0,0.0,0.0,0.0,0.0,0.0,0.0,0.0,3.0,0.0,0.0,0.0,2.0,21.0,23.0,34.89,3.95282,0.0,3.0,2.0,3.0
13.0,0.0,2.0,0.0,0.0,0.0,0.0,0.0,0.0,0.0,0.0,0.0,1.0,1.0,2.0,0.0,0.0,0.0,0.0,15.0,16.0,37.3,3.0518,1.0,1.0,2.0,2.0
10.0,3.0,0.0,0.0,0.0,0.0,0.0,0.0,0.0,0.0,0.0,1.0,0.0,0.0,1.0,0.0,0.0,0.0,1.0,13.0,14.0,53.11,0.93817,2.0,1.0,0.0,2.0
24.0,4.0,2.0,0.0,0.0,2.0,0.0,0.0,0.0,0.0,1.0,1.0,1.0,0.0,2.0,2.0,0.0,0.0,2.0,32.0,35.0,91.48,3.0676,3.0,5.0,6.0,4.0
13.0,4.0,3.0,1.0,0.0,0.0,0.0,0.0,0.0,0.0,0.0,1.0,1.0,0.0,0.0,0.0,0.0,3.0,2.0,21.0,22.0,79.74,0.5025,2.0,8.0,6.0,2.0
22.0,2.0,1.0,0.0,0.0,0.0,0.0,0.0,0.0,0.0,1.0,0.0,0.0,0.0,2.0,0.0,0.0,0.0,1.0,25.0,27.0,24.75,2.7196,1.0,1.0,6.0,3.0
23.0,2.0,2.0,0.0,0.0,0.0,1.0,0.0,0.0,0.0,0.0,1.0,0.0,0.0,3.0,1.0,0.0,0.0,2.0,28.0,31.0,45.48,5.0361,1.0,4.0,5.0,4.0
27.0,4.0,0.0,0.0,0.0,0.0,2.0,0.0,0.0,0.0,0.0,1.0,0.0,0.0,5.0,2.0,0.0,0.0,2.0,33.0,37.0,42.21,7.4898,1.0,4.0,4.0,5.0
66.0,9.0,24.0,0.0,0.0,0.0,2.0,0.0,0.0,0.0,7.0,2.0,10.0,1.0,5.0,2.0,0.0,0.0,2.0,101.0,110.0,530.49,0.1062,19.0,25.0,13.0,12.0
64.0,14.0,20.0,0.0,0.0,0.0,0.0,0.0,0.0,0.0,0.0,13.0,11.0,9.0,4.0,0.0,0.0,1.0,0.0,98.0,102.0,590.31,-2.327,25.0,24.0,50.0,5.0
11.0,1.0,4.0,0.0,0.0,0.0,0.0,0.0,0.0,0.0,1.0,0.0,0.0,0.0,1.0,0.0,0.0,2.0,0.0,16.0,17.0,56.79,1.1824,1.0,4.0,4.0,2.0
37.0,9.0,10.0,1.0,0.0,0.0,0.0,0.0,0.0,0.0,0.0,5.0,5.0,5.0,1.0,0.0,0.0,4.0,0.0,57.0,60.0,295.8,-0.1502,11.0,14.0,27.0,4.0
43.0,12.0,12.0,2.0,0.0,0.0,0.0,0.0,0.0,0.0,11.0,1.0,1.0,0.0,1.0,0.0,0.0,1.0,0.0,69.0,71.0,399.53,-3.6086,12.0,15.0,17.0,3.0
19.0,6.0,5.0,2.0,0.0,0.0,0.0,0.0,0.0,0.0,2.0,1.0,0.0,1.0,0.0,0.0,0.0,3.0,1.0,32.0,35.0,150.04,-1.2799,2.0,10.0,7.0,4.0
27.0,3.0,2.0,0.0,0.0,0.0,0.0,0.0,0.0,0.0,2.0,0.0,0.0,0.0,3.0,0.0,0.0,0.0,0.0,32.0,35.0,52.65,5.29062,1.0,3.0,4.0,4.0
100.0,38.0,23.0,1.0,0.0,0.0,0.0,0.0,0.0,0.0,0.0,30.0,12.0,11.0,0.0,0.0,0.0,3.0,0.0,162.0,163.0,1054.52,-5.65525,48.0,40.0,98.0,2.0
13.0,0.0,3.0,0.0,0.0,2.0,0.0,0.0,0.0,0.0,0.0,0.0,2.0,1.0,2.0,2.0,0.0,0.0,0.0,18.0,19.0,57.53,3.0356,2.0,2.0,2.0,2.0
22.0,6.0,4.0,1.0,0.0,0.0,0.0,0.0,0.0,0.0,0.0,0.0,0.0,0.0,2.0,0.0,1.0,2.0,4.0,33.0,36.0,113.42,1.6109,1.0,8.0,7.0,4.0
22.0,2.0,2.0,0.0,0.0,0.0,0.0,0.0,0.0,0.0,1.0,0.0,0.0,0.0,2.0,0.0,0.0,0.0,1.0,26.0,28.0,42.77,2.4543,2.0,2.0,8.0,3.0
14.0,2.0,1.0,0.0,0.0,0.0,0.0,0.0,0.0,0.0,0.0,0.0,0.0,0.0,1.0,0.0,0.0,2.0,0.0,17.0,18.0,26.93,2.60782,0.0,3.0,2.0,2.0
121.0,28.0,29.0,2.0,0.0,0.0,0.0,0.0,0.0,0.0,0.0,27.0,16.0,13.0,3.0,0.0,0.0,1.0,0.0,180.0,183.0,943.59,-1.206,45.0,46.0,106.0,4.0
107.0,25.0,25.0,0.0,0.0,0.0,0.0,0.0,0.0,0.0,0.0,24.0,13.0,12.0,1.0,0.0,0.0,1.0,0.0,157.0,158.0,815.75,1.2091,37.0,38.0,97.0,2.0
14.0,1.0,2.0,0.0,0.0,0.0,0.0,0.0,0.0,0.0,0.0,1.0,0.0,0.0,1.0,0.0,0.0,0.0,2.0,17.0,18.0,30.49,2.4621,1.0,3.0,5.0,2.0
6.0,0.0,4.0,0.0,0.0,0.0,0.0,0.0,0.0,0.0,0.0,0.0,1.0,1.0,1.0,0.0,0.0,0.0,1.0,10.0,10.0,67.51,0.338,1.0,3.0,1.0,1.0
270.0,73.0,83.0,7.0,0.0,0.0,0.0,0.0,0.0,0.0,2.0,61.0,43.0,38.0,7.0,0.0,0.0,7.0,0.0,433.0,444.0,2600.22,-10.95949,119.0,113.0,252.0,12.0
7.0,3.0,4.0,0.0,0.0,1.0,0.0,0.0,0.0,0.0,0.0,0.0,1.0,0.0,0.0,1.0,0.0,2.0,0.0,15.0,15.0,90.42,0.0958,1.0,6.0,6.0,1.0
8.0,6.0,0.0,1.0,0.0,0.0,0.0,0.0,0.0,0.0,0.0,2.0,0.0,0.0,0.0,0.0,0.0,4.0,0.0,15.0,16.0,105.97,0.74652,3.0,4.0,2.0,2.0
14.0,0.0,5.0,0.0,0.0,0.0,0.0,0.0,0.0,0.0,0.0,0.0,2.0,1.0,2.0,0.0,0.0,0.0,0.0,19.0,20.0,83.83,2.3096,2.0,4.0,3.0,2.0
36.0,6.0,6.0,0.0,0.0,0.0,0.0,0.0,0.0,0.0,0.0,3.0,3.0,3.0,2.0,0.0,0.0,3.0,0.0,48.0,52.0,184.25,3.0777,7.0,8.0,17.0,5.0
30.0,3.0,3.0,1.0,0.0,0.0,0.0,0.0,0.0,0.0,0.0,1.0,0.0,0.0,3.0,0.0,1.0,2.0,0.0,37.0,42.0,61.88,4.0117,1.0,5.0,8.0,6.0
125.0,35.0,42.0,6.0,0.0,0.0,0.0,0.0,0.0,0.0,1.0,28.0,22.0,19.0,2.0,0.0,0.0,5.0,0.0,208.0,214.0,1229.9,-10.77893,59.0,60.0,115.0,7.0
47.0,0.0,14.0,0.0,0.0,0.0,0.0,0.0,0.0,0.0,0.0,0.0,3.0,0.0,0.0,0.0,0.0,1.0,4.0,61.0,67.0,170.06,5.2113,3.0,14.0,7.0,7.0
22.0,1.0,3.0,0.0,0.0,0.0,0.0,0.0,0.0,0.0,0.0,0.0,1.0,0.0,2.0,0.0,0.0,0.0,1.0,26.0,28.0,46.53,3.0946,1.0,3.0,5.0,3.0
14.0,2.0,2.0,1.0,0.0,0.0,0.0,0.0,0.0,0.0,0.0,1.0,0.0,0.0,1.0,0.0,1.0,0.0,0.0,19.0,21.0,63.4,2.0795,1.0,3.0,2.0,4.0
7.0,4.0,2.0,0.0,0.0,0.0,0.0,0.0,0.0,0.0,0.0,0.0,0.0,0.0,1.0,0.0,0.0,2.0,2.0,13.0,14.0,72.68,-1.0397,1.0,5.0,0.0,2.0
14.0,1.0,4.0,0.0,0.0,0.0,0.0,0.0,0.0,0.0,1.0,0.0,1.0,0.0,0.0,0.0,0.0,0.0,0.0,19.0,21.0,66.84,0.4759,1.0,4.0,3.0,3.0
9.0,6.0,0.0,0.0,0.0,0.0,0.0,0.0,0.0,0.0,0.0,3.0,0.0,0.0,1.0,0.0,0.0,3.0,1.0,15.0,16.0,78.57,-0.7557,3.0,6.0,2.0,2.0
93.0,21.0,30.0,0.0,0.0,0.0,0.0,0.0,0.0,0.0,0.0,20.0,18.0,12.0,2.0,0.0,0.0,1.0,0.0,144.0,146.0,826.81,-5.0661,38.0,39.0,81.0,3.0
27.0,1.0,5.0,0.0,0.0,0.0,0.0,0.0,0.0,0.0,0.0,0.0,1.0,0.0,1.0,0.0,0.0,0.0,1.0,33.0,38.0,68.23,3.2408,1.0,6.0,5.0,7.0
21.0,4.0,3.0,0.0,0.0,0.0,1.0,0.0,0.0,0.0,1.0,0.0,0.0,0.0,2.0,1.0,0.0,3.0,2.0,29.0,32.0,80.49,3.1522,1.0,6.0,6.0,4.0
22.0,3.0,2.0,0.0,0.0,1.0,0.0,0.0,0.0,0.0,0.0,0.0,0.0,0.0,2.0,1.0,0.0,2.0,1.0,28.0,31.0,58.1,3.6784,1.0,4.0,6.0,4.0
18.0,0.0,4.0,0.0,0.0,0.0,0.0,0.0,0.0,0.0,0.0,0.0,1.0,1.0,2.0,0.0,0.0,0.0,0.0,22.0,24.0,63.6,3.0991,1.0,3.0,3.0,3.0
62.0,17.0,19.0,2.0,0.0,0.0,0.0,0.0,0.0,0.0,1.0,13.0,10.0,8.0,1.0,0.0,0.0,2.0,0.0,100.0,102.0,610.64,-3.87793,25.0,27.0,57.0,3.0
