smiles,label,prob_positive,pred,correct
C=C1c2c(Cl)ccc(O)c2C(=O)C2=C(O)[C@]3(O)C(=O)C(C(N)=O)=C(O)[C@@H](N(C)C)[C@@H]3[C@@H](O)[C@H]12,0,0.0054008411243557,0,1
C=C1c2cccc(O)c2C(=O)C2=C(O)[C@]3(O)C(=O)C(C(N)=O)=C(O)[C@@H](N(C)C)[C@@H]3[C@@H](O)[C@H]12,0,0.0080378102138638,0,1
C=CCNc1nc(NCC=C)nc(N2CCN(C(c3ccc(F)cc3)c3ccc(F)cc3)CC2)n1,1,0.9388992786407472,1,1
C=C[C@H]1CN2CC[C@H]1C[C@H]2[C@H](O)c1ccnc2ccc(OC)cc12,0,0.7494547367095947,1,0
CC(=O)C1=C(O)[C@H](N)[C@@H]2Cc3c(c(O)c4c(O)c(C)ccc4c3C)C(=O)[C@]2(O)C1=O,0,0.0001159150342573,0,1
CC(=O)NCCCS(=O)(=O)O,0,0.9999946355819702,1,0
CC(=O)NC[C@H]1CN(c2ccc(N3CCOCC3)c(F)c2)C(=O)O1,1,0.9999998807907104,1,1
CC(=O)N[C@H]1[C@@H]([C@@H](O)[C@H](O)CO)OC(C(=O)O)=C[C@H]1NC(=N)N,0,0.0012355973012745,0,1
CC1=C2[C@@]([C@]([C@H]([C@@H]3[C@]4([C@H](OC4)C[C@@H]([C@]3(C(=O)[C@@H]2OC(=O)C)C)O)OC(=O)C)OC(=O)c5ccccc5)(C[C@@H]1OC(=O)[C@H](O)[C@@H](NC(=O)c6ccccc6)c7ccccc7)O)(C)C,0,0.5787904262542725,1,0
CC(=O)Oc1cc(C(C)C)c(OCCN(C)C)cc1C,1,0.9159286618232728,1,1
CC(=O)c1ccc(S(=O)(=O)N=C(O)NC2CCCCC2)cc1,1,0.0872379690408706,0,0
CC(C)(C)C(=O)OCOC(=O)C1N2C(=O)C(/N=C/N3CCCCCC3)C2SC1(C)C,0,3.866799943352817e-06,0,1
CC(C)(C)NC(=O)[C@@H]1CN(Cc2cccnc2)CCN1C[C@@H](O)C[C@H](Cc1ccccc1)C(=O)N[C@H]1c2ccccc2C[C@H]1O,0,0.9389724731445312,1,0
CC(C)(C)NC[C@H](O)COc1ccccc1C1CCCC1,1,0.6966350078582764,1,1
CC(C)(O/N=C(\C(=O)N[C@@H]1C(=O)N2C(C(=O)O)=C(C[n+]3ccccc3)CS[C@@H]12)c1csc(N)n1)C(=O)O,0,0.418712168931961,0,1
CC(=CCCC(C)(C1CCC2(C1C(CC3C2(CC(C4C3(CCC(C4(C)C)O)C)OC5C(C(C(C(O5)CO)O)O)O)C)O)C)OC6C(C(C(C(O6)CO)O)O)O)C,0,0.0004838914901483,0,1
CC(=CCCC(C)(C1CCC2(C1C(CC3C2(CC(C4C3(CCC(C4(C)C)O)C)OC5C(C(C(C(O5)CO)O)O)OC6C(C(C(CO6)O)O)O)C)O)C)OC7C(C(C(C(O7)CO)O)O)O)C,0,0.0007672002539038,0,1
CC(=CCCC(C)(C1CCC2(C1C(CC3C2(CCC4C3(CCC(C4(C)C)O)C)C)O)C)OC5C(C(C(C(O5)CO)O)O)O)C,0,0.0305442251265048,0,1
CC(C)COc1cccc(CC(=O)N2CCNc3nc(C(F)(F)F)ccc3C2CC(=O)O)c1,0,0.0092146014794707,0,1
CC(C)N1CCCC1CNC(=O)c1cn(C2CCCC2)c(=O)c2c1c1ccccc1n2C,1,0.2025464922189712,0,0
CC(C)NC(=N)NC(=N)Nc1ccc(Cl)cc1,1,0.6682004332542419,1,1
CC(C)[C@H]1CC[C@@H](C(=O)N[C@H](Cc2ccccc2)C(=O)O)CC1,1,0.0345923863351345,0,0
CC(C)c1cc(CNC(=O)c2ccc(Cl)c(OC3CCN(C)CC3)c2)on1,1,0.7366355061531067,1,1
CC(C)c1csc(NC(=O)C2c3ccccc3Oc3ccccc32)n1,1,0.6642358303070068,1,1
CC(C)n1c(/C=C/[C@@H](O)C[C@@H](O)CC(=O)O)c(-c2ccc(F)cc2)c2ccccc21,1,0.9367616772651672,1,1
CC(Cc1ccccc1)[n+]1c/c(=N\C(=O)Nc2ccccc2)o[n-]1,1,0.9689568281173706,1,1
CC(NC(=O)C(C)(Cc1c[nH]c2ccccc12)NC(=O)OCc1cc2ccccc2o1)c1ccccc1,1,0.1396519988775253,0,0
CC(NC(=O)C(Cc1c[nH]c2ccccc12)(CN(C)C)NC(=O)OCc1cc2ccccc2o1)c1ccccc1,1,0.4187659323215484,0,0
CC1(C2CCC3(C(C2(CCC1OC4C(C(C(C(O4)C(=O)O)O)O)OC5C(C(C(C(O5)C(=O)O)O)O)O)C)C(=O)C=C6C3(CCC7(C6CC(CC7)(C)C(=O)O)C)C)C)C,1,6.932891847100109e-05,0,0
CC1(C)CCC(Nc2ncnc3c2nn2ccccc32)CC1,1,0.9973964691162108,1,1
CC1(C)S[C@@H]2[C@H](/N=C/N3CCCCCC3)C(=O)N2[C@H]1C(=O)O,0,0.0006693992763757,0,1
CC1(C)S[C@@H]2[C@H](NC(=O)C(/N=C/c3ccco3)c3ccc(O)cc3)C(=O)N2[C@H]1C(=O)O,0,0.0001514877803856,0,1
CC1(C)S[C@@H]2[C@H](NC(=O)[C@H](C(=O)O)c3ccsc3)C(=O)N2[C@H]1C(=O)O,0,0.2027341276407241,0,1
CC1(C)S[C@@H]2[C@H](NC(=O)[C@H](NC(=O)CNC(=N)c3ccncc3)c3ccccc3)C(=O)N2[C@H]1C(=O)O,0,0.0001263815211132,0,1
CC1(C)S[C@@H]2[C@H](NC(=O)[C@H](NC(=O)Nc3cnc(Nc4ccc(S(N)(=O)=O)cc4)nc3O)c3ccc(O)cc3)C(=O)N2[C@H]1C(=O)O,0,0.0095248026773333,0,1
CC1(C)S[C@@H]2[C@H](NC(=O)[C@H](NC(=O)c3cnc4cccnc4c3O)c3ccccc3)C(=O)N2[C@H]1C(=O)O,0,0.0069708949886262,0,1
CC1(C)S[C@@H]2[C@H](NC(=O)[C@]34C[C@H]5C[C@@H](C[C@](N)(C5)C3)C4)C(=O)N2[C@H]1C(=O)O,0,0.0447684228420257,0,1
CC1(c2cc(NC(=O)c3ccc(C#N)cn3)ccc2F)N=C(N)COC1F,1,0.0600877851247787,0,0
CC1(c2cc(NC(=O)c3ccc(Cl)cn3)ccc2F)COCC(N)=N1,1,0.1550729125738144,0,0
CC1=C(CC(=O)O)c2cc(F)ccc2/C1=C/c1ccc(S(C)=O)cc1,1,0.0168422125279903,0,0
CC1=CCCC1NC(=O)Nc1ccc(C#N)c(S(=O)(=O)C(C)(C)C)c1O,0,0.1877048760652542,0,1
CC1=CCCC1NC(=O)Nc1ccc(Cl)c(S(=O)(=O)C(C)(C)C(F)(F)F)c1O,1,0.7657259106636047,1,1
CC1=CCCC1NC(=O)Nc1ccc(Cl)c(S(=O)(=O)C(C)(C)C2CCOC2)c1O,1,0.7961799502372742,1,1
CC1=CCCC1NC(=O)Nc1ccc(Cl)c(S(=O)(=O)C(C)(C)CF)c1O,1,0.6259332299232483,1,1
CC1=CCCC1NC(=O)Nc1ccc(Cl)c(S(=O)(=O)C(C)(F)F)c1O,0,0.8707942962646484,1,0
CC1=CCCC1NC(=O)Nc1ccc(Cl)c(S(=O)(=O)C2(C)CCOC2)c1O,0,0.8141227960586548,1,0
CC1=CCCC1NC(=O)Nc1ccc(Cl)c(S(=O)(=O)C2CC(N(C)C)C2)c1O,0,0.3720320165157318,0,1
CC1=CCCC1NC(=O)Nc1ccc(Cl)c(S(=O)(=O)C2CC(N3CCCC3)C2)c1O,0,0.5275436043739319,1,0
CC1CCC2(C(C3C(O2)CC4C3(CCC5C4CC=C6C5(C(CC(C6)O)O)C)C)C)OC1,0,0.9762881994247437,1,0
CC1CCC2(C(C3C(O2)CC4C3(CCC5C4CC=C6C5(C(CC(C6)O)OC7C(C(C(C(O7)C)O)OC8C(C(C(CO8)O)O)O)OC9C(C(C(C(O9)C)O)O)O)C)C)C)OC1,0,0.0001748786889947,0,1
CC1CCC2(C(C3C(O2)CC4C3(CCC5C4CC=C6C5(CCC(C6)O)C)C)C)OC1,0,0.9952490329742432,1,0
CC1C(C(C(C(O1)OC2CCC3(C(C2(C)CO)CCC4(C3C=CC56C4(CC(C7(C5CC(CC7)(C)C)CO6)O)C)C)C)O)OC8C(C(C(C(O8)CO)O)O)O)O,0,1.4422679669223726e-05,0,1
CC=CC#CC#CC(C(C=CCCCO)OC1C(C(C(C(O1)CO)O)O)O)O,0,0.3152531385421753,0,1
CCC(=C(CC)c1ccc(O)cc1)c1ccc(O)cc1,1,6.036420074906347e-08,0,0
CCC(C(N)=O)(C(N)=O)c1ccccc1,1,0.999686360359192,1,1
CCC(NC(=O)c1cnn2cc(C)cnc12)c1ccc(OC(F)(F)F)cc1,1,0.050777394324541,0,0
CCC1=C(C)CN(C(=O)NCCc2ccc(S(=O)(=O)NC(=O)N[C@H]3CC[C@H](C)CC3)cc2)C1=O,1,0.0858945846557617,0,0
CCCC(=O)Nc1ccc(OC[CH]CNC(C)C)c(C(C)=O)c1,1,0.9056423306465148,1,1
CCCCC(=O)N(Cc1ccc(-c2ccccc2-c2nnn[nH]2)cc1)[C@H](C(=O)O)C(C)C,1,0.0094222025945782,0,0
CCCCN(c1ccc(C)nc1)C1CCN(c2ncnc3sc(C)c(C)c23)CC1,1,0.8747872710227966,1,1
CCCCOC(=O)COC(=O)C1=CC=CC=C1C(=O)OCCCC,1,0.9998821020126344,1,1
CCCCOC[C@H](CN1C(=O)N(C[C@H](COCCCC)OC(N)=O)C(=O)[C@@](CC)(c2ccccc2)C1=O)OC(N)=O,1,1.0,1,1
CCCC[N+]1(C)[C@@H]2C[C@@H](OC(=O)[C@@H](CO)c3ccccc3)C[C@@H]1[C@H]1O[C@H]12,0,0.0012535898713395,0,1
CCCN(CCC)Cc1cn(-c2cc(NC(=S)NCC)ncn2)cn1,1,0.9165844321250916,1,1
CCCN(c1ccc(C)nc1)C1CCN(c2ncnc3sc(C)c(C)c23)CC1,1,0.9306100010871888,1,1
CCCOC(C(=O)OC1CCN(C)CC1)(c1ccccc1)c1ccccc1,1,0.998603880405426,1,1
CCN(CC)c1cc(C)nc2ncnn12,1,0.9507795572280884,1,1
CCN(Cc1ccccc1C(F)(F)F)C(=O)C1CCN(S(=O)(=O)c2ccc3[nH]ncc3c2)CC1,1,0.9323891401290894,1,1
CCN1CCN(C(=O)N[C@@H](C(=O)N[C@@H]2C(=O)N3[C@@H]2SC(C)(C)[C@@H]3C(=O)O)c2ccccc2)C(=O)C1=O,0,0.1629882305860519,0,1
CCOC(=O)N1CCC(CN2CCC3(CC2)CN(C(=O)N(C)C)c2ncccc23)CC1,1,1.0,1,1
CCOC(=O)OC(C)OC(=O)[C@@H]1N2C(=O)[C@@H](/N=C/N3CCCCCC3)[C@H]2SC1(C)C,0,5.313214933266863e-05,0,1
CCOc1ccc(CC2CC(C(=O)NO)C2)cc1-c1nc2c(CC)nn(C)c2c(=O)[nH]1,0,0.2224702090024948,0,1
CCOc1ccc(OC2CCN(c3ncc(C(=O)NO)cn3)CC2)cc1-c1nc2c(CC)nn(C)c2c(=O)[nH]1,0,0.143746942281723,0,1
CC[C@H]1OC(=O)[C@H](C)[C@@H](O[C@H]2C[C@@](C)(OC)[C@@H](O)[C@H](C)O2)[C@H](C)[C@@H](O[C@@H]2O[C@H](C)C[C@H](N(C)C)[C@H]2O)[C@](C)(O)C[C@@H](C)/C(=N\OC)[C@H](C)[C@@H](O)[C@]1(C)O,0,0.003760305000469,0,1
CC[C@]1(CCC(C)C)C(=O)N=C(O)N=C1O,1,1.0,1,1
CC[N+](C)(C/C=C/C1=C(C(=O)[O-])N2C(=O)[C@@H](NC(=O)/C(=N\OCF)c3nsc(N)n3)[C@H]2SC1)CC(N)=O,0,4.709314816864208e-05,0,1
CCc1c(C)[n+]([N-])c(-c2ccc(OC)c(OC)c2)c2cc(OC)c(OC)cc12,1,0.9912680387496948,1,1
CCc1ccc(Oc2cc(N3CCC(C(=O)N4CCc5ccccc5C4)CC3)ncn2)cc1,1,0.4637664258480072,0,0
CCc1cnc(Oc2ccc(NC(=O)c3ncccc3N)cc2Cl)nc1,1,0.1583766043186187,0,0
CCc1oc2ccccc2c1C(=O)c1cc(Br)c(O)c(Br)c1,1,6.529536767629907e-05,0,0
CCn1cc(C(=O)O)c(=O)c2cc(F)c(N3CCN[C@@H](C)C3)c(F)c21,1,0.0263148695230484,0,0
CN(C(=O)Cc1ccc(Cl)c(Cl)c1)[C@@H]1[CH]CCCC1,1,0.923828423023224,1,1
CN(C)C(=N)NC(=N)N,1,0.0051208566874265,0,0
CN(C)C(=O)Oc1cccc([N+](C)(C)C)c1,0,9.023026905197185e-06,0,1
CN(C)C1C(O)=C(C(=O)NCNC(C(=O)NC2C(=O)N3C2SC(C)(C)C3C(=O)O)c2ccccc2)C(=O)[C@@]2(O)C(O)=C3C(=O)c4c(O)cccc4C(C)(O)C3CC12,0,0.0004943557432852,0,1
CN(C)CCOc1ccc(C(=C(CCCl)c2ccccc2)c2ccccc2)cc1,1,0.1465057432651519,0,0
CN(C)Cc1ccc(CSCCNc2ncc(Cc3ccc4ccccc4c3)c(O)n2)o1,0,0.0181195605546236,0,1
CN(C)[C@@H]1C(O)=C(C(=O)NC(C(=O)O)N2CCN(CCO)CC2)C(=O)[C@@]2(O)C(O)=C3C(=O)c4c(O)cccc4[C@@](C)(O)[C@H]3C[C@@H]12,0,0.0017315964214503,0,1
CN(C)[C@@H]1C(O)=C(C(=O)NCN2CCCC(C(=O)O)C2)C(=O)[C@@]2(O)C(O)=C3C(=O)c4c(O)cccc4[C@@](C)(O)[C@H]3C[C@@H]12,0,0.0030894381925463,0,1
CN(C)[C@@H]1C(O)=C(C(=O)NCN2CCCC2)C(=O)[C@@]2(O)C(O)=C3C(=O)c4c(O)cccc4[C@@](C)(O)[C@H]3C[C@@H]12,0,0.009121430106461,0,1
CN(C)[C@@H]1C(O)=C(C(=O)NCN2CCN(C(=N)NC(=N)N)CC2)C(=O)[C@@]2(O)C(O)=C3C(=O)c4c(O)cccc4[C@@](C)(O)[C@H]3C[C@@H]12,0,0.0006180544733069,0,1
CN(C)[C@@H]1C(O)=C(C(=O)NCN2CCN(CCO)CC2)C(=O)[C@@]2(O)C(O)=C3C(=O)c4c(O)cccc4[C@@](C)(O)[C@H]3C[C@@H]12,0,0.0039344183169305,0,1
CN(C)[C@@H]1C(O)=C(C(=O)NCNCCCCC(N)C(=O)O)C(=O)[C@@]2(O)C(O)=C3C(=O)c4c(O)cccc4[C@@](C)(O)[C@H]3C[C@@H]12,0,0.0006520047900266,0,1
CN(C)[C@@H]1C(O)=C(C(=O)NCO)C(=O)[C@@]2(O)C(O)=C3C(=O)c4c(O)ccc(Cl)c4[C@@](C)(O)[C@H]3C[C@@H]12,0,0.0015116148861125,0,1
CN(C)[C@@H]1C(O)=C(C(N)=O)C(=O)[C@@]2(O)C(O)=C3C(=O)c4c(O)ccc(Cl)c4[C@@H](O)[C@H]3C[C@@H]12,0,0.01469596195966,0,1
CN(C)[C@@H]1C(O)=C(C(N)=O)C(=O)[C@@]2(O)C(O)=C3C(=O)c4c(O)ccc(Cl)c4[C@@](C)(O)[C@H]3C[C@@H]12,0,0.0068292054347693,0,1
CN(C)[C@@H]1C(O)=C(C(N)=O)C(=O)[C@@]2(O)C(O)=C3C(=O)c4c(O)ccc([N+](=O)[O-])c4C[C@H]3C[C@@H]12,0,0.0057945814915001,0,1
CN(C)[C@@H]1C(O)=C(C(N)=O)C(=O)[C@@]2(O)C(O)=C3C(=O)c4c(O)cccc4[C@@H](O)[C@H]3C[C@@H]12,0,0.0111425518989562,0,1
CN(C)[C@@H]1C(O)=C(C(N)=O)C(=O)[C@@]2(O)C(O)=C3C(=O)c4c(O)cccc4[C@@](C)(O)C3[C@H](O)[C@@H]12,0,0.0573925636708736,0,1
CN(C)[C@@H]1C(O)=C(C(N)=O)C(=O)[C@@]2(O)C(O)=C3C(=O)c4c(O)cccc4[C@@](C)(O)[C@H]3C[C@@H]12,0,0.0062146540731191,0,1
CN(C)[C@@H]1C(O)=C(C(N)=O)C(=O)[C@@]2(O)C(O)=C3C(=O)c4c(ccc(N)c4O)C[C@H]3C[C@@H]12,0,0.0066245859488844,0,1
CN(C)[C@H]1C(O)=C(C(N)=O)C(=O)[C@@]2(O)C(=O)C3=C(O)c4c(O)cccc4[C@@](C)(O)[C@@H]3[C@H](O)[C@@H]12,1,0.0693781599402427,0,0
CN(CCN(C)CNC(=O)C1=C(O)[C@@H](N(C)C)[C@@H]2C[C@H]3C(=C(O)[C@]2(O)C1=O)C(=O)c1c(O)cccc1[C@@]3(C)O)CNC(=O)C1=C(O)[C@@H](N(C)C)[C@@H]2C[C@H]3C(=C(O)[C@]2(O)C1=O)C(=O)c1c(O)cccc1[C@@]3(C)O,0,0.0005156609695404,0,1
CN/C(=C\[N+](=O)[O-])NCCSCc1csc(CN(C)C)n1,1,7.595486385980621e-05,0,0
CN1C(=O)C(N2CCc3c(nn(Cc4ccccc4)c3Cl)C2=O)COc2cc(C#N)ccc21,1,0.9999905824661256,1,1
CN1C(=O)[C@@](C)(C2=CCCCC2)C(=O)N=C1O,1,0.9999905824661256,1,1
CN1CCC23c4c5ccc(O)c4OC2C(OC2OC(C(=O)O)C(O)C(O)C2O)C=CC3C1C5,0,0.0353862643241882,0,1
CN1CCC23c4c5ccc(OC6OC(C(=O)O)C(O)C(O)C6O)c4OC2C(O)C=CC3C1C5,0,0.0456106401979923,0,1
CN1CCN(CCCCN2C(=O)CN(/N=C/c3ccc(-c4ccc(Cl)cc4)o3)C2=O)CC1,1,0.9999988079071044,1,1
CN1[C@H]2CCC[C@@H]1C[C@H](NC(=O)c1nn(C)c3ccccc13)C2,1,0.9990498423576356,1,1
CN1[C@@H]2CC[C@H]1C[C@H](NC(=O)N1CC(C)(C)c3ccccc31)C2,1,0.9999275207519532,1,1
CN1[C@@H]2CC[C@H]1C[C@H](NC(=O)c1cn(C3CCCCC3)c3ccccc3c1=O)C2,1,0.9973981380462646,1,1
CN1[C@H]2CC[C@@H]1C[C@@H](OC(=O)[C@@H](CO)c1ccccc1)C2,1,0.9458158016204834,1,1
CN1[C@H]2C[C@H](OC(=O)[C@@H](CO)c3ccccc3)C[C@@H]1[C@@H]1O[C@H]12,1,0.9190852642059326,1,1
CN1C2C3=C(CCN2C(=O)C4=CC=CC=C41)C5=CC=CC=C5N3,0,0.996064841747284,1,0
CNC(=C[N+](=O)[O-])NCCS[CH]c1ccc(CN(C)C)o1,0,7.765041118545923e-06,0,1
CNC(=NC#N)NCCSCc1csc(NC(=N)N)n1,1,0.9998691082000732,1,1
CNCCC[C@]12CC[C@H](c3ccccc31)c1ccccc12,1,0.9999998807907104,1,1
CNC[C@]12CC[C@H](c3ccccc31)c1ccccc12,1,1.0,1,1
CN[C@@H]1[C@H](O[C@H]2[C@H](O[C@H]3[C@H](O)[C@@H](O)[C@H](NC(=N)N)[C@@H](O)[C@@H]3NC(=N)N)O[C@@H](C)[C@]2(O)C=O)O[C@@H](CO)[C@H](O)[C@H]1O,0,0.0001511203008703,0,1
CN[C@@H]1[C@H](O[C@H]2[C@H](O[C@H]3[C@H](O)[C@@H](O)[C@H](NC(=N)N)[C@@H](O)[C@@H]3NC(=N)N)O[C@@H](C)[C@]2(O)CO)O[C@@H](CO)[C@H](O)[C@H]1O,0,0.0001596529327798,0,1
CO/N=C(/C(=O)N[C@@H]1C(=O)N2C(C(=O)[O-])=C(C[N+]3(C)CCCC3)CS[C@H]12)c1csc(N)n1,0,0.0001631714694667,0,1
CO/N=C(/C(=O)N[C@@H]1C(=O)N2C(C(=O)[O-])=C(C[N+]34CCC(C(N)=O)(CC3)CC4)CS[C@H]12)c1nsc(N)n1,0,9.260285878553988e-05,0,1
CO/N=C(/C(=O)N[C@@H]1C(=O)N2C(C(=O)[O-])=C(C[n+]3ccc(N)n3CCO)CS[C@H]12)c1csc(N)n1,0,0.0509648099541664,0,1
CO/N=C(/C(=O)N[C@@H]1C(=O)N2C(C(=O)[O-])=C(C[n+]3cccc4c3CCCC4)CS[C@H]12)c1csc(N)n1,0,0.0800181627273559,0,1
CO/N=C(/C(=O)N[C@H]1C(=O)N(OCC(=O)OCC(=O)OC(C)(C)C)[C@@H]1C)c1csc(N)n1,0,0.0036352593451738,0,1
CO/N=C(/C(=O)N[C@H]1C(=O)N2C(C(=O)O)=C(C)CS[C@@H]12)c1csc(N)n1,0,0.0065986681729555,0,1
CO/N=C(/C(=O)N[C@H]1C(=O)N2C(C(=O)O)=C(COC(C)=O)CS(=O)[C@@H]12)c1csc(N)n1,0,0.0047057741321623,0,1
CO/N=C(/C(=O)N[C@H]1C(=O)N2C(C(=O)O)=C(CSC(=O)c3ccco3)CS[C@@H]12)c1csc(N)n1,0,0.0259676296263933,0,1
CO/N=C(/C(=O)N[C@H]1C(=O)N2C(C(=O)O)=C(CSc3nc(=O)c(=O)[nH]n3C)CS[C@@H]12)c1csc(N)n1,0,0.2351557463407516,0,1
CO/N=C(/C(=O)N[C@H]1C(=O)N2C(C(=O)O)=C(CSc3nc(C)c(CC(=O)O)s3)CS[C@@H]12)c1csc(N)n1,0,0.0095865260809659,0,1
CO/N=C(/C(=O)N[C@H]1C(=O)N2C(C(=O)O)=C(CSc3nnnn3C)CS[C@@H]12)c1csc(N)n1,0,0.003136909333989,0,1
CO/N=C(/C(=O)N[C@H]1C(=O)N2C(C(=O)O)=C(Cn3nnc(C)n3)CS[C@@H]12)c1csc(N)n1,0,0.000720870331861,0,1
CO/N=C(/C(=O)N[C@H]1C(=O)N2C(C(=O)O)=CCS[C@@H]12)c1csc(=N)[nH]1,0,0.0077963224612176,0,1
CO/N=C(\C(=O)N[C@@H]1C(=O)N(OCC(=O)O)[C@H]1C)c1csc(N)n1,0,0.0021593277342617,0,1
CO/N=C(\C(=O)N[C@@H]1C(=O)N2C(C(=O)O)=CCS[C@@H]12)c1csc(N)n1,1,0.0196051690727472,0,0
CO/N=C(\C(=O)N[C@@H]1C(=O)N2C(C(=O)OC(C)OC(=O)C(C)(C)OC)=C(COC(N)=O)CS[C@H]12)c1ccco1,0,0.023593308404088,0,1
CO/N=C(\C(=O)N[C@@H]1C(=O)N2C(C(=O)OCOC(=O)C(C)(C)C)=CCS[C@H]12)c1csc(NC(=O)[C@H](C)N)n1,0,0.0215726345777511,0,1
CO/N=C(\C(=O)N[C@@H]1C(=O)N2C(C(=O)[O-])=C(C[n+]3cccc4c3CCC4)CS[C@H]12)c1csc(N)n1,0,0.180616483092308,0,1
CO/N=C(\C(=O)N[C@@H]1C(=O)N2C(C(=O)[O-])=C(C[n+]3ccn4ncccc43)CS[C@H]12)c1nsc(N)n1,0,0.0370033644139766,0,1
COCC(NC(=O)N1CC(=O)Nc2cc(OC)cnc21)c1ccc(OC(F)(F)F)c(F)c1,1,0.9345155954360962,1,1
COCCCOc1ccnc(CS(=O)c2nc3ccccc3[nH]2)c1C,1,0.0266788620501756,0,0
COCCOc1cnc(NS(=O)(=O)c2ccccc2)nc1,1,0.2277069687843322,0,0
CON=C(C(=O)N[C@H]1C(=O)N2C(C(=O)O)=C(CSc3nc(=O)c(O)nn3C)CS[C@@H]12)c1csc(N)n1,0,0.3508001565933227,0,1
CO[C@@]1(NC(=O)CSC[C@@H]([NH3+])C(=O)[O-])C(=O)N2C(C(=O)O)=C(CSc3nnnn3C)CS[C@@H]21,0,3.762158667086624e-05,0,1
CO[C@H]1C=CO[C@@]2(C)Oc3c(C)c(O)c4c(O)c(c(/C=N/N5CCN(C)CC5)c(O)c4c3C2=O)NC(=O)C(C)=CC=C[C@H](C)[C@H](O)[C@@H](C)[C@@H](O)[C@@H](C)[C@H](OC(C)=O)[C@@H]1C,0,0.0012082210741937,0,1
CO[C@H]1C=CO[C@@]2(C)Oc3c(C)c(O)c4c(O)c(c(/C=N/N5CCN(C6CCCC6)CC5)c(O)c4c3C2=O)NC(=O)C(C)=CC=C[C@H](C)[C@H](O)[C@@H](C)[C@@H](O)[C@@H](C)[C@H](OC(C)=O)[C@@H]1C,0,0.0004623009299393,0,1
CO[C@H]1C=CO[C@@]2(C)Oc3c(C)c(O)c4c(c3C2=O)C2=NC3(CCN(CC(C)C)CC3)NC2=C(NC(=O)C(C)=CC=C[C@H](C)[C@H](O)[C@@H](C)[C@@H](O)[C@@H](C)[C@H](OC(C)=O)[C@@H]1C)C4=O,0,0.0009439096902497,0,1
COc1cc(C)c(S(C)=O)cc1OC,1,0.9922989010810852,1,1
COc1cc(N)c(Cl)cc1C(=O)N[C@@H]1CCN(CCCOc2ccc(F)cc2)C[C@@H]1OC,1,0.9999773502349854,1,1
COc1cc2c3c(c1)OC1C(=O)CCC4(O)C(C2)N(C)CCC314,1,0.9998462200164796,1,1
CN1CCC2=CC(=C(C3=C2C1CC4=CC=CC=C43)OC)OC,1,0.9994613528251648,1,1
COc1cc2nc(N3CCN(C(=O)C4CCCO4)CC3)nc(N)c2cc1OC,0,0.512589693069458,1,0
COC1=CC=C(C=C1)C2=COC3=C(C2=O)C=CC(=C3)O,1,0.9802631735801696,1,1
COC1=C(C=C(C=C1)C2=COC3=C(C2=O)C=CC(=C3)O)O,1,0.4160256087779999,0,0
[H]C([H])([H])Oc1ccc2c3nn(-c4ccc(OC)cc4)c(=O)c-3c[nH]c2c1,1,0.992238998413086,1,1
COc1ccc(C(=O)NCc2cc(C(C)C)no2)cc1OC1CCN(C)CC1,1,0.721228301525116,1,1
COc1ccc(C23c4ccccc4C(=O)N2CCN3C(=O)c2cc(F)c(F)c(F)c2)cc1C,1,0.0308459624648094,0,0
COC1=C(C=C(C=C1)C=CC(=O)O)O,0,0.322758674621582,0,1
COc1ccc(CCN(C)CCCN2CCc3cc(OC)c(OC)cc3CC2=O)cc1OC,1,0.9976309537887572,1,1
COc1ccc(CN2CCOC(COc3ccccc3)C2)cc1F,1,0.997654914855957,1,1
COc1ccc(CNC(=O)C2CCN(c3c(C#N)cnc4ccc(F)cc34)CC2)cc1F,1,0.9820830821990968,1,1
COc1ccc(N2CCN(c3c(C)c(C)c4c(c3C)C(=O)C(C)(C)O4)CC2)cc1,1,0.0037281143013387,0,0
COc1ccc(N2CCN(c3c(C)c(C)c4c(c3C)CC(C)(C)O4)CC2)cc1,1,0.0847024470567703,0,0
COc1ccc(N2CCN(c3nc(-c4ccncn4)cc(=O)n3C)C(C)C2)cc1,1,0.3942726850509643,0,0
COc1ccc([C@]2(C#N)CC[C@H](C(=O)O)CC2)cc1OC1CCCC1,1,0.8294528126716614,1,1
COc1ccc2[nH]c([S@](=O)Cc3ncc(C)c(OC)c3C)nc2c1,0,0.5478465557098389,1,0
COc1ccc2c(CN3CCC(F)(F)C(CCc4ccc(F)cc4)C3)c[nH]c2c1,1,0.9999464750289916,1,1
COc1ccc2c(CN3CCC(F)(F)C(CCc4cccc(F)c4)C3)c[nH]c2c1,1,0.999975323677063,1,1
COc1ccc2c(c1)CCN(C(=O)C1CCN(c3c(C#N)cnc4ccc(F)cc34)CC1)C2,1,0.9935789108276368,1,1
COc1ccc2cc(CCC(C)=O)ccc2c1,1,0.2991872429847717,0,0
COC1=C(C2=C[N+]3=C(C=C2C=C1)C4=CC5=C(C=C4CC3)OCO5)OC.[Cl-],1,0.9651625752449036,1,1
COc1cccc(C(=O)N[C@@H]2C[C@H]3CC[C@@H](C2)N3Cc2ccccc2)c1OC,1,0.9953752160072328,1,1
COc1cccc(C(=O)N[C@@H]2C[C@@H]3CC[C@H](C2)N3Cc2ccccc2)c1OC,1,0.9953752756118774,1,1
COc1cccc(C2=NC(C(F)(F)F)(C(F)(F)F)c3c(n(-c4ccc(Cl)cc4)c(=O)[nH]c3=O)N2)c1,0,0.0907763913273811,0,1
COc1cccc2c1C(=O)c1c(O)c3c(c(O)c1C2=O)C[C@@](O)(/C(C)=N\NC(=O)c1ccccc1)C[C@@H]3O[C@H]1C[C@H](N)[C@H](O)[C@H](C)O1,0,0.0568175986409187,0,1
[H]C([H])([H])Oc1ccccc1-n1nc2c3cc(Cl)ccc3[nH]cc-2c1=O,1,0.7281917333602905,1,1
COc1ccccc1N1CCN(CCCNc2cc(=O)n(C)c(=O)n2C)CC1,1,0.9978854060173036,1,1
COc1cccnc1CCCCNc1ncc(Cc2ccc(C)nc2)c(O)n1,0,0.0363644883036613,0,1
COc1ccnc(CS(=O)c2nc3cc(OC(F)F)ccc3[nH]2)c1OC,1,0.2698520421981811,0,0
COc1cnc(C(=O)Nc2ccc(F)c(C3(C)N=C(N)COC3F)c2)cn1,1,0.0490300171077251,0,0
COc1cncc(N2CC(NC(=O)c3sc4nnc(C)c(C)c4c3N)C2)c1,0,0.2719787061214447,0,1
COc1nn(-c2ccc(C)cc2)c2cc(-c3ccc(C4CC4C(=O)O)cc3)cc(F)c12,1,0.2788374423980713,0,0
COc1nn(-c2ccccn2)c2cc(-c3ccc(C4CC4C(=O)O)cc3)cc(F)c12,1,0.5363219976425171,1,1
COc1nn(-c2ccccn2)c2cc(-c3ccc(C4CC4C(=O)O)cc3)ccc12,1,0.6643807291984558,1,1
CSc1ccc(CNC(=O)c2sc3nnc(C)c(C)c3c2N)cc1,1,0.005249832291156,0,0
CSc1ccc2ncn(/C=C/C(=O)O)c(=O)c2c1,1,0.029489479959011,0,0
Fc2cc(ccc2c1ccccc1)[C@H](C(=O)O)C,0,0.0082774152979254,0,1
C[C@@H](O)[C@H]1C(=O)N2C(C(=O)O)=C(S[C@H]3CCS(=O)C3)S[C@H]12,0,4.809837719221832e-06,0,1
C[C@@H](O)[C@H]1C(=O)N2C(C(=O)[O-])=C(SC3Cn4cnc[n+]4C3)[C@H](C)[C@H]12,0,0.0086800474673509,0,1
C[C@@H]1[C@@H](NC(=O)/C(=N\OC(C)(C)C(=O)O)c2csc(N)n2)C(=O)N1S(=O)(=O)O,0,0.0002467362501192,0,1
C[C@H](O)[C@@H]1C(=O)N2C(C(=O)O)=C(SCC/N=C/N)C[C@@H]12,0,0.0027333742473274,0,1
C[C@H](O)[C@H]1C(=O)N2C(C(=O)O)=C(SCCNC=N)C[C@@H]12,0,0.0001088348362827,0,1
C[C@H]1CN(c2c(F)c(N)c3c(=O)c(C(=O)O)cn(C4CC4)c3c2F)C[C@H](C)N1,1,0.0429833717644214,0,0
C[C@]12C=CC(=O)C=C1CC[C@@H]1[C@@H]2[C@@H](O)C[C@@]2(C)[C@H]1CC[C@]2(O)C(=O)COC(=O)CCC(=O)O,1,0.9999865293502808,1,1
C[C@@]12C[C@H]3CC(N)(C1)C[C@](C)(C3)C2,1,1.0,1,1
C[N+](C)(C)CCCCCC[N+](C)(C)C.[Br-].[Br-],0,6.922875400050543e-06,0,1
C[N+]1(CCCS(=O)(=O)[O-])C2CCC1CC(OC(=O)C(CO)c1ccccc1)C2,0,0.0681823268532753,0,1
Cc1cc(C)nc(NS(=O)(=O)c2ccc(N)cc2)n1,1,0.5997193455696106,1,1
Cc1cc(C23c4ccccc4C(=O)N2CCN3C(=O)c2ccc(F)c(F)c2)ccc1Cl,1,0.0247850976884365,0,0
Cc1cc(CC(=O)O)n(C)c1C(=O)c1ccc(Cl)cc1,1,0.0109975077211856,0,0
Cc1cc(O)c(C(=O)N[C@@H](C(=O)N[C@@H]2C(=O)N3C(C(=O)O)=C(CSc4nnnn4C)CS[C@H]23)c2ccc(O)cc2)cn1,0,0.0312123112380504,0,1
Cc1ccc(-n2nc(C)c3ccc(-c4ccc(C5CC5C(=O)O)cc4)cc32)cc1,1,0.0398740023374557,0,0
Cc1ccc(-n2nc(C)c3cnc(-c4ccc(C5CC5C(=O)O)cc4F)cc32)nc1,1,0.7191986441612244,1,1
Cc1ccc(C(=O)c2ccc(CC(=O)O)n2C)cc1,1,0.501896858215332,1,1
Cc1ccc(CN2CCC(F)(F)C(CCc3ccccc3)C2)cc1C,1,0.9999839067459106,1,1
Cc1ccc(CN2CCOC(CSc3ccccc3)C2)cc1C,1,0.9926984906196594,1,1
Cc1ccc(OC2CCN(c3c(C#N)cnc4ccc(F)cc34)CC2)cn1,1,0.9725229144096376,1,1
Cc1ccc(OC2CCN(c3cc(C)nc4ccc(F)cc34)CC2)cn1,1,0.99435293674469,1,1
Cc1ccc(OC2CCN(c3nc(C)nn4ccc(C)c34)CC2)cn1,1,0.9150878190994264,1,1
Cc1ccc(OC2CCN(c3ncnc4ccc(F)cc34)CC2)cn1,1,0.958056092262268,1,1
Cc1ccc(OC2CCN(c3ncnc4sc(C)c(C)c34)CC2)cn1,1,0.9763778448104858,1,1
Cc1ccc(Oc2cccc(CC(=O)N3CCNc4nc(C(F)(F)F)ccc4C3CC(=O)O)c2)cn1,0,0.1566761434078216,0,1
Cc1ccc2ncnc(N3CCC(Oc4ccc(C)nc4)CC3)c2c1,1,0.6544266939163208,1,1
Cc1cccc(C)c1NC(=O)NCCCNC(C)C,1,0.1861862391233444,0,0
Cc1cnc(CS(=O)c2nc3ccccc3[nH]2)cc1OCC(F)(F)F,1,0.2097487151622772,0,0
CC1=COC2=C1C(=O)C(=O)C3=C2C=CC4=C3CCCC4(C)C,1,1.1675720656967314e-07,0,0
Cc1ncc(OC2CCN(c3ncnc4sc(C)c(C)c34)CC2)cn1,1,0.9847997426986694,1,1
Cc1nn(CC(F)CN2C3CCC2CC(OCc2cccc(F)c2)C3)c(=O)n1C,1,0.9994649291038512,1,1
Cc1nnc2sc(C(=O)NC3CN(C(=O)c4ccncc4)C3)c(N)c2c1C,0,0.2213075459003448,0,1
Cc1nnc2sc(C(=O)NC3CN(c4ccc(C(F)(F)F)nc4)C3)c(N)c2c1C,1,0.0476163625717163,0,0
Cc1nnc2sc(C(=O)NC3CN(c4cccc(F)c4F)C3)c(N)c2c1C,1,0.9998401403427124,1,1
Cc1nnc2sc(C(=O)NC3CN(c4ccccc4)C3)c(N)c2c1C,1,0.1295722872018814,0,0
Cc1nnc2sc(C(=O)NC3CN(c4cccnc4)C3)c(N)c2c1C,0,0.156583085656166,0,1
Cc1nnc2sc(C(=O)NC3CN(c4ccncn4)C3)c(N)c2c1C,0,0.0252891443669796,0,1
Cc1nnc2sc(C(=O)NC3CN(c4cnccn4)C3)c(N)c2c1C,0,0.4494501948356628,0,1
Cc1nnc2sc(C(=O)NC3CN(c4cncnc4)C3)c(N)c2c1C,0,0.033899500966072,0,1
Cc1nnc2sc(C(=O)NC3CN(c4nc5cccnc5s4)C3)c(N)c2c1C,1,0.8637173175811768,1,1
Cc1nnc2sc(C(=O)NCc3ccc(-c4ccc(F)nc4)cc3)c(N)c2c1C,1,0.873053252696991,1,1
Cc1nnc2sc(C(=O)NCc3ccc(-c4cccnc4F)cc3)c(N)c2c1C,1,0.6649808287620544,1,1
Cc1nnc2sc(C(=O)NCc3ccc(-c4ccnc(F)c4)cc3)c(N)c2c1C,1,0.6096485257148743,1,1
Cc1nnc2sc(C(=O)NCc3ccc(-c4ccncc4)cc3)c(N)c2c1C,1,0.7387521266937256,1,1
Cc1nnc2sc(C(=O)NCc3ccc(S(=O)(=O)C(C)(C)C)cc3)c(N)c2c1C,1,0.0385957285761833,0,0
Cc1nnc2sc(C(=O)NCc3ccc(S(=O)(=O)C(C)C)cc3)c(N)c2c1C,0,0.0165894664824008,0,1
Cc1nnc2sc(C(=O)NCc3ccc(S(=O)(=O)C(F)(F)F)cc3)c(N)c2c1C,1,0.0048428033478558,0,0
Cc1nnc2sc(C(=O)NCc3ccc(S(=O)(=O)C(F)F)cc3)c(N)c2c1C,1,0.0487335622310638,0,0
Cc1nnc2sc(C(=O)NCc3ccc(S(=O)(=O)C4CC4)cc3)c(N)c2c1C,0,0.0030009071342647,0,1
Cc1nnc2sc(C(=O)NCc3ccc(S(C)(=O)=O)c(F)c3)c(N)c2c1C,1,0.0008810263243503,0,0
Cc1nnc2sc(C(=O)NCc3ccc(S(C)(=O)=O)cc3)c(N)c2c1C,0,0.0395433008670806,0,1
Cc1nnc2sc(C(=O)NCc3ccc(S(F)(F)(F)(F)F)cc3)c(N)c2c1C,1,0.0044028819538652,0,0
Cc1noc(C)c1S(=O)(=O)N1CCN(c2ccc(N3CCCC(C)(C)C3)nn2)CC1,1,0.0009997973684221,0,0
Cc1sc2ncnc(N3CCC(C(=O)N4CCC(F)C4)CC3)c2c1C,1,0.3852317929267883,0,0
Cc1sc2ncnc(N3CCC(C(=O)N4CCCC4)CC3)c2c1C,1,0.7527525424957275,1,1
Cc1sc2ncnc(N3CCC(Oc4ccc(Cl)nc4)CC3)c2c1C,1,0.997422456741333,1,1
Cc1sc2ncnc(N3CCC(Oc4ccc(F)nc4)CC3)c2c1C,1,0.9974875450134276,1,1
Cc1sc2ncnc(N3CCC(Oc4ccc5c(c4)CCO5)CC3)c2c1C,1,0.9861786365509032,1,1
Clc1ccc(CN2CCOC(COc3ccccc3)C2)cc1,1,0.9999996423721312,1,1
Clc1ccc(CN2CCOC(CSc3ccccc3)C2)cc1,1,0.9999990463256836,1,1
Clc1ccc(N2CCN(Cc3c[nH]c4ncccc34)CC2)cc1,1,0.9999998807907104,1,1
Clc1ccc2c(CN3CCOC(COc4ccccc4)C3)c[nH]c2c1,1,0.9999979734420776,1,1
Cn1c(NCC(=O)c2ccccc2)nc(-c2ccncc2)cc1=O,1,0.935055375099182,1,1
Cn1c2c(c(=O)n(C)c1=O)C(C(F)(F)F)(C(F)(F)F)N=C(c1cccc([N+](=O)[O-])c1)N2,0,0.9968812465667723,1,0
Cn1c2c(c(=O)n(C)c1=O)C(C(F)(F)F)(C(F)(F)F)NC(c1ccc(Cl)cc1)=N2,1,0.9999972581863404,1,1
Cn1cc(-c2ccc(CN3Cc4ncccc4C3=O)c(F)c2)cn1,1,0.999141812324524,1,1
Cn1cc2c(-c3cc(F)c(CN4C=CC5=NCCN5C4=O)c(F)c3)cccc2n1,1,0.9148285388946532,1,1
Cn1cc2c(-c3cc(F)c(CN4CCc5ncccc5C4=O)c(F)c3)cccc2n1,1,0.8468289375305176,1,1
Cn1cc2c(-c3cc(F)c(Cn4c(=O)cnc5ccccc54)c(F)c3)cccc2n1,1,0.8992158770561218,1,1
Cn1cc2c(-c3cc(F)c(Cn4cnc5ccccc5c4=O)c(F)c3)cccc2n1,1,0.9891663193702698,1,1
Cn1cc2c(-c3cc(F)c(Cn4cnc5cnccc5c4=O)c(F)c3)cccc2n1,1,0.926874577999115,1,1
Cn1cc2cc(-c3cc(F)c(CN4CCn5nccc5C4=O)c(F)c3)ccc2n1,1,0.8007743954658508,1,1
Cn1cc2cc(-c3cc(F)c(Cn4c(=O)cnc5ncccc54)c(F)c3)ccc2n1,1,0.3298585414886474,0,0
Cn1cnc(S(=O)(=O)N2CC3C(C2)C3(CNC(=O)c2c(Cl)cccc2Cl)CC2CC2)c1,1,0.3195720613002777,0,0
Cn1cnc(S(=O)(=O)N2CC3C(C2)C3(CNC(=O)c2cc(Cl)cc(Cl)c2)CC2CC2)c1,1,0.0777109563350677,0,0
Cn1cnc(S(=O)(=O)N2CC3C(C2)C3(CNC(=O)c2ccc(Cl)c(Cl)c2)CC2CC2)c1,1,0.3455259501934051,0,0
Cn1cnc(S(=O)(=O)N2CC3C(C2)C3(CNC(=O)c2ccc(Cl)cc2)CC2CC2)c1,1,0.5112773180007935,1,1
Cn1cnc(S(=O)(=O)N2CC3C(C2)C3(CNC(=O)c2ccc(Cl)cc2Cl)CC2CC2)c1,1,0.4815349280834198,0,0
Cn1cnc(S(=O)(=O)N2CC3C(C2)C3(CNC(=O)c2ccc(Cl)cc2Cl)c2ccccn2)c1,1,0.3899981081485748,0,0
Cn1cnc(S(=O)(=O)N2CC3C(C2)C3(CNC(=O)c2cccc(C(F)(F)F)c2)CC2CC2)c1,1,0.9607371091842652,1,1
Cn1cnc(S(=O)(=O)N2CC3C(C2)C3(CNC(=O)c2ccccc2C(F)(F)F)CC2CC2)c1,1,0.9257696270942688,1,1
Cn1cnc(S(=O)(=O)N2CC3C(C2)C3(CNC(=O)c2ccccc2C(F)(F)F)c2ccccn2)c1,1,0.5700942873954773,1,1
Cn1cnc(S(=O)(=O)N2CC3C(C2)C3(CNC(=O)c2ccccc2Cl)CC2CC2)c1,1,0.2456803768873214,0,0
Cn1ncc2cc(CN3CCOC(COc4ccccc4)C3)ccc21,1,0.9999114274978638,1,1
Fc1ccc(CCC2CN(Cc3c[nH]c4cc(Cl)ccc34)CCC2(F)F)cc1,1,0.9999984502792358,1,1
Fc1ccc(CCC2CN(Cc3c[nH]c4cc(F)ccc34)CCC2(F)F)cc1,1,0.9999998807907104,1,1
Fc1ccc2c(CN3CCC(F)(F)C(CCc4ccccc4)C3)c[nH]c2c1,1,0.9999992847442628,1,1
Fc1ccc2c(CN3CCC(F)(F)C(CCc4ccccc4F)C3)c[nH]c2c1,1,0.9999998807907104,1,1
Fc1ccccc1CCC1CN(Cc2c[nH]c3cc(Cl)ccc23)CCC1(F)F,1,0.9999990463256836,1,1
N#Cc1ccc2c(c1)CCN(CC[C@H]1CC[C@H](NC(=O)c3ccnc4ccccc34)CC1)C2,1,0.9946775436401368,1,1
N#Cc1cnc2ccc(F)cc2c1N1CCC(C(=O)Nc2ccc(S(N)(=O)=O)cc2)CC1,1,0.0860907733440399,0,0
N#Cc1csc(NC(=O)C2c3ccccc3Oc3ccccc32)n1,1,0.4988405406475067,0,0
N/C(=N/O)C1=NNc2ccccc2N(Cc2ccccc2)C1=O,1,0.9855867624282836,1,1
N=C(N)N/N=C/c1c(Cl)cccc1Cl,1,0.0174916833639144,0,0
N=C(N)NC[C@@H]1COC2(CCCCC2)O1,1,0.0071696257218718,0,0
N=C(N)NC[C@@H]1COc2ccccc2O1,1,1.0,1,1
N=C(N)Nc1nc(-c2cccc(N)c2)cs1,0,0.0169809646904468,0,1
NC(=O)CCC/N=C(\c1ccc(Cl)cc1)c1cc(F)ccc1O,1,0.9998082518577576,1,1
NC(=O)OC[C@@H]1[C@H](NC(=O)/C(=N/OCC(=O)O)c2csc(N)n2)C(=O)N1S(=O)(=O)O,0,0.0004756082780659,0,1
NC(=O)c1cc[n+](CC2=C(C(=O)[O-])N3C(=O)[C@@H](NC(=O)Cc4cccs4)[C@H]3SC2)cc1,0,0.0004766585479956,0,1
NC(=O)c1cc[n+](CC2=C(C(=O)[O-])N3C(=O)[C@@H](NC(=O)[C@@H](c4ccccc4)S(=O)(=O)O)[C@H]3SC2)cc1,0,0.0058385236188769,0,1
NC(N)=NC(=O)Cc1c(Cl)cccc1Cl,1,0.998084545135498,1,1
NC[C@H]1CC[C@@H](C(=O)O)CC1,1,0.9430562853813172,1,1
N[C@@H](C(=O)N[C@@H]1C(=O)N2C(C(=O)O)=C(CSc3c[nH]nn3)CS[C@H]12)c1ccc(O)cc1,0,0.0098298285156488,0,1
N[C@H]1[C@@H]2CN(c3nc4c(cc3F)c(=O)c(C(=O)O)cn4-c3ccc(F)cc3F)C[C@H]12,1,0.9805073142051696,1,1
N[C@]12CC3C[C@H](C[C@H](C3)C1)C2,1,0.9997865557670592,1,1
Nc1cccnc1C(=O)Nc1ccc(N2C(=O)c3ccccc3C2=O)c(Cl)c1,1,0.997121512889862,1,1
Nc1nc(N2CCCCC2)cc[n+]1[O-],1,0.9595086574554444,1,1
Nc1nc(O)c2c(n1)NCC(CNc1ccc(C(=O)NC(CCC(=O)O)C(=O)O)cc1)N2C=O,1,0.9271309971809388,1,1
Nc1ncc(/C(=N/OC2CCNC2=O)C(=O)N[C@@H]2C(=O)N3C(C(=O)[O-])=C(C[n+]4ccccc4)CS[C@H]23)s1,0,0.0104258833453059,0,1
OC(C1=C(/C=C/C(NC2=CC=CC=C2)=O)C3=C(Cl)C=C(Cl)C=C3N1)=O,0,0.4774825274944305,0,1
O=C(C1CCN(c2cc(Oc3ccc(F)cc3F)ncn2)CC1)N1Cc2ccccc2C1,1,0.9970370531082152,1,1
O=C(C1CCN(c2cc(Oc3ccccc3F)ncn2)CC1)N1CCc2ccccc2C1,1,0.8838408589363098,1,1
C1=CC(=C(C=C1CC(C(=O)O)OC(=O)C=CC2=C3C(C(OC3=C(C=C2)O)C4=CC(=C(C=C4)O)O)C(=O)OC(CC5=CC(=C(C=C5)O)O)C(=O)O)O)O,0,0.437374860048294,0,1
C1=CC(=CC=C1C=CC(=O)C2=C(C=C(C=C2)O)O)O,1,0.9754624962806702,1,1
O=C(COc1ccc(Cl)cc1)OCCN[C@]12CC3C[C@H](C[C@H](C3)C1)C2,1,0.9995437264442444,1,1
O=C(Cc1cccc(Oc2ccccc2)c1)N1CCNc2nc(C(F)(F)F)ccc2C1,1,0.8052963018417358,1,1
O=C(Cc1cccs1)N[C@@H]1C(=O)N2C(C(=O)[O-])=C(C[n+]3ccccc3)CS[C@H]12,0,1.894006345537491e-05,0,1
O=C(NCCN1CCN(c2ncccn2)CC1)[C@]12C[C@H]3C[C@@H](C[C@H](C3)C1)C2,1,0.9995805621147156,1,1
O=C(NCCc1ccc(O)c(O)c1)[C@]12CC3C[C@H](C[C@H](C3)C1)C2,1,0.973107933998108,1,1
O=C(Nc1ccc(F)cn1)c1cc(Oc2cncc(F)c2)cn2cnnc12,1,0.1184993609786033,0,0
O=C(Nc1ccc(F)cn1)c1cc(Oc2cncc(F)c2)cn2ncnc12,1,0.1222093105316162,0,0
O=C(Nc1nc(C(F)(F)F)co1)C1c2ccccc2Oc2ccccc21,1,0.6017691493034363,1,1
C1=CC=C(C=C1)C2=CC(=O)C3=C(C(=C(C=C3O2)OC4C(C(C(C(O4)C(=O)O)O)O)O)O)O,0,0.7256731390953064,1,0
O=C(O)[C@H]1CCN1[C@]12CC3C[C@H](C[C@H](C3)C1)C2,1,0.9981258511543274,1,1
O=C(O)c1cc(-c2ccc(F)cc2F)ccc1O,1,0.1421025842428207,0,0
O=C(O[C@H]1C[C@@H]2C[C@H]3C[C@H](C1)N2CC3=O)c1c[nH]c2ccccc12,1,0.999976396560669,1,1
O=C([O-])C1=C(C[n+]2ccc(CCS(=O)(=O)O)cc2)CS[C@@H]2[C@H](NC(=O)[C@H](NC(=O)c3nc[nH]c3C(=O)O)c3ccccc3)C(=O)N12,0,0.0772293359041214,0,1
O=C(c1ccc(F)cc1)N1CCc2nc(COc3cccc(F)c3)oc2C1,1,0.9675180912017822,1,1
O=C(c1n[nH]c2ncccc12)N1CCc2nc(COc3ccccc3)oc2C1,1,0.8869410753250122,1,1
O=C1C(CCS(=O)c2ccccc2)C(=O)N(c2ccccc2)N1c1ccccc1,1,0.7275219559669495,1,1
C1CC2CN3C(CC=CC3=O)C4C2N(C1)CCC4,1,0.9989100694656372,1,1
C1CC2CN3C(CC=CC3=O)C4C2[N+](C1)(CCC4)[O-],0,3.685171759570949e-05,0,1
O=C1CC(c2c[nH]c3ccc(F)cc23)C(=O)N1,1,1.0,1,1
C1CC2C3CCCN4C3C(CCC4)CN2C(=O)C1,0,0.9850232601165771,1,0
C1CC2C3CCC[N+]4(C3C(CCC4)CN2C(=O)C1)[O-],0,0.0006811879575252,0,1
O=C1c2ccccc2C(=O)C1c1ccccc1,1,0.1235120743513107,0,0
C1=CC(=C(C=C1C=O)O)O,0,5.299986514728516e-05,0,1
O=S(=O)(O)CC[S],1,0.0005818004719913,0,0
O=[N+]([O-])C1C(NCCSCc2ccccn2)=NCC1Cc1ccccc1,1,0.9984537363052368,1,1
O=[N+]([O-])c1ccc(O)c2ncccc12,1,0.9999897480010986,1,1
C1=CC(=CC=C1C2=COC3=C(C2=O)C=CC(=C3C4C(C(C(C(O4)CO)O)O)O)O)O,0,0.8788363337516785,1,0
O=c1c2ccncc2ncn1Cc1c(F)cc(-c2ccc3cnccc3c2)cc1F,1,0.98591148853302,1,1
C1=CC(=O)OC2=CC3=C(C=CO3)C=C21,1,0.0010237927781417,0,0
C1=CC2=C(C=CO2)C3=C1C=CC(=O)O3,1,0.0018269879510626,0,0
C1=CC(=CC=C1CCOC2C(C(C(C(O2)CO)O)O)O)O,0,0.9805135130882264,1,0
C1C[N+]2=C(C=C3C=CC4=C(C3=C2)OCO4)C5=CC6=C(C=C51)OCO6.[Cl-],1,0.9626373648643494,1,1
