sequence,type,label,source_flag
O=C(N)C(NC(=O)C(NC(=O)C(NC(=O)CNC(=O)C(NC(=O)C(N)Cc1ccc(O)cc1)C(O)C)Cc2ccccc2)CC(C)C)CO,SMILES,0,not_from_reference_csv
CCC(C)[C@H](NC(N[C@@H](CCC(=O)O)C(=O)O)[C@H](CC(C)C)NC(C[C@H](NC(N[C@@H](CNCC(N[C@H](C(=O)O)C(C)C)N[C@H](C(=O)O)C(C)C)C(N[C@@H](CS)C(NCC(=O)O)N[C@@H](CCC(=O)O)C(=O)O)N[C@@H](Cc1ccc(NCC(=O)O)cc1)C(N[C@@H](Cc1ccc(O)cc1)C(=O)O)N[C@H](C(=O)O)C(C)CC)[C@@H](N)CC(N)N[C@@H](CN[C@@H](CCC(N[C@@H](Cc1cnc[nH]1)C(N[C@@H](CCC(N)=O)C(=O)O)N[C@@H](Cc1ccc(O)cc1)C(=O)O)N[C@@H](CC(C)C)C(N[C@@H](CS)C(=O)O)N[C@@H](CCCNC(=N)N)C(=O)O)C(NCC(N[C@@H](Cc1c[nH]c2ccccc12)C(=O)O)N[C@@H](Cc1c[nH]c2ccccc12)C(=O)O)N[C@@H](CC(N[C@@H](CCCNC(=N)N)C(=O)O)N[C@@H](CC(=O)O)C(=O)O)C(N[C@@H](CCCCN)C(=O)O)N[C@@H](CC(C)C)C(=O)O)C(N[C@@H](CS)C(N[C@@H](C(C)C)C(N[C@@H](CCC(=O)O)C(=O)O)N[C@@H](CC(C)C)C(=O)O)N[C@@H](CS)C(O)N[C@@H](CCCNC(=N)N)C(=O)O)N1CCC[C@H]1C(N[C@@H](CCSC)C(=O)O)N[C@@H](Cc1ccc(O)cc1)C(=O)O)C(N[C@@H](Cc1cnc[nH]1)C(N[C@@H](CCCCN)C(=O)O)N[C@@H](Cc1ccc(O)cc1)C(=O)O)N[C@@H](CC(N[C@@H](C)C(=O)O)N[C@@H](CS)C(=O)O)C(N[C@@H](CS)C(=O)O)N[C@@H](CC(N)=O)C(=O)O)N[C@@H](CN[C@@H](C)C(=O)O)C(N[C@@H](CC(=O)O)C(=O)O)N[C@@H](CC(C)C)C(=O)O)C(=O)O,SMILES,1,not_from_reference_csv
CCC(C)[C@H](NC[C@H](NC(N)C[C@H](N)C(N[C@@H](CCC(N)N[C@@H](CCC(N)=O)C(=O)O)C(N[C@@H](CCCNC(=N)N)C(=O)O)N[C@@H](CC(N)=O)C(=O)O)N[C@@H](CCCNC(=N)N)C(N[C@@H](Cc1ccccc1)C(O)N[C@@H](CO)C(=O)O)N[C@@H](Cc1c[nH]c2ccccc12)C(NCC(=O)O)N[C@@H](CO)C(=O)O)C(N[C@@H](C(C)CC)C(N[C@@H](CCCCN)C(=O)O)N[C@@H](CCCCN)C(=O)O)N[C@@H](CCCCN)C(N[C@@H](CCCCN)C(=O)O)N[C@@H](Cc1c[nH]c2ccccc12)C(=O)O)C(N[C@@H](CCCNC(=N)N)C(=O)O)N[C@@H](CCSC)C(=O)O,SMILES,1,not_from_reference_csv
CSCC[C@H](N)C(N[C@@H](Cc1cnc[nH]1)C(=O)O)N[C@@H](CCC(N[C@@H](Cc1ccccc1)C(=O)O)N1CCC[C@H]1C(=O)O)C(NCC(=O)O)N1CCC[C@H]1C(=O)O,SMILES,1,not_from_reference_csv
CCC(C)[C@H](NC(C[C@H](NC(N[C@@H](CN[C@@H](CCCNC(=N)N)C(=O)O)C(N[C@@H](Cc1ccccc1)C(=O)O)N[C@@H](CC(C)C)C(=O)O)[C@H](CCC(N[C@@H](C(C)N[C@@H](CCC(=O)O)C(=O)O)C(N[C@@H](C)C(=O)O)N[C@H](C(=O)O)C(C)C)N[C@@H](Cc1ccccc1)C(N[C@@H](CCC(N[C@@H](CCCCN)C(=O)O)N[C@@H](CCCCN)C(=O)O)C(=O)O)N[C@@H](CCC(N[C@@H](CCCCN)C(=O)O)N[C@@H](CCCCN)C(=O)O)C(N[C@@H](CCCCN)C(=O)O)N[C@@H](CCCCN)C(=O)O)NC(NCC(NCC(N[C@@H](CC(C)C)C(N[C@@H](CCCCN)C(=O)O)N[C@@H](CC(N)=O)C(=O)O)N[C@@H](CNCC(=O)O)C(NCC(=O)O)N1CCC[C@H]1C(=O)O)N[C@@H](C(C)N[C@@H](CCCCN)C(N[C@@H](CO)C(=O)O)N[C@@H](CO)C(=O)O)C(N[C@@H](CCC(N)NCC(=O)O)C(N[C@@H](C)C(=O)O)N1CCC[C@H]1C(=O)O)N[C@@H](CCSC)C(N[C@@H](CO)C(=O)O)N1CCC[C@H]1C(=O)O)[C@@H](N)Cc1cnc[nH]1)C(N[C@@H](Cc1c[nH]c2ccccc12)C(=O)O)N[C@@H](CC(C)C)C(=O)O)N[C@@H](CCC(=O)O)C(=O)O)C(=O)O,SMILES,1,not_from_reference_csv
CCC(C)[C@H](NC(N[C@@H](CCCCN)C(N[C@@H](C)C(=O)O)N[C@@H](CCCCN)C(=O)O)[C@H](Cc1c[nH]c2ccccc12)NC(CN)N[C@@H](CC(C)C)C(N[C@@H](CN[C@@H](CCC(N[C@@H](C)C(=O)O)N[C@@H](CCSC)C(=O)O)C(NCC(=O)O)N[C@@H](Cc1ccccc1)C(=O)O)C(N[C@@H](C)C(N[C@@H](CCSC)C(=O)O)N[C@@H](CCC(=O)O)C(=O)O)N[C@@H](C)C(N[C@@H](CC(N)=O)C(=O)O)N[C@H](C(=O)O)C(C)C)N[C@@H](CCCCN)C(N[C@@H](CCCCN)C(O)N[C@H](C(=O)O)C(C)C)N[C@H](C(=O)O)C(C)O)C(NCC(=O)O)N[C@@H](C)C(=O)O,SMILES,0,not_from_reference_csv
CC(C)C[C@H](NC(N[C@@H](CC(O)N[C@@H](Cc1c[nH]c2ccccc12)C(=O)O)C(=O)O)[C@H](Cc1c[nH]c2ccccc12)NC(N[C@@H](CCC(N)N[C@@H](CC(N)=O)C(=O)O)C(NCC(=O)O)N[C@@H](C)C(=O)O)[C@H](C)N)C(=O)O,SMILES,0,not_from_reference_csv
CCC(C)[C@H](NC(N[C@H](C(=O)O)C(C)C)[C@@H](NC(N[C@@H](CC(C)C)C(N[C@@H](CO)C(=O)O)N[C@@H](Cc1c[nH]c2ccccc12)C(=O)O)[C@H](C)NC(N[C@@H](C)C(N[C@@H](CC(N)N[C@@H](CCC(N)=O)C(=O)O)C(=O)O)N[C@@H](C)C(N[C@@H](CCCCN)C(=O)O)N[C@H](C(=O)O)C(C)CC)[C@@H](NC(NCC(N[C@@H](CC(C)C)C(N[C@@H](CC(C)C)C(=O)O)N[C@H](C(=O)O)C(C)C)N[C@@H](CCCCN)C(N1CCC[C@H]1C(=O)O)N1CCC[C@H]1C(=O)O)[C@@H](N)Cc1ccccc1)C(C)C)C(C)C)C(=O)O,SMILES,0,not_from_reference_csv
CCC(C)[C@H](NC(N[C@@H](CC(N)N[C@@H](CCCNC(=N)N)C(=O)O)C(N[C@@H](C)C(=O)O)N[C@@H](CCC(N)=O)C(=O)O)[C@H](CN[C@@H](C(C)N[C@@H](CCCCN)C(=O)O)C(N[C@@H](CC(N)=O)C(=O)O)N[C@@H](CC(C)C)C(=O)O)NC(C)[C@H](NC(N[C@@H](CC(C)C)C(N[C@@H](C(C)C)C(N[C@@H](C)C(=O)O)N[C@H](C(=O)O)C(C)CC)N1CCC[C@H]1C(N[C@@H](C)C(=O)O)N[C@@H](CCCCN)C(=O)O)[C@@H](N)Cc1ccccc1)C(N[C@@H](CC(N[C@@H](CC(C)C)C(N[C@@H](C)C(=O)O)N[C@@H](CCSC)C(=O)O)N[C@@H](CC(C)C)C(N[C@@H](CCC(N)=O)C(=O)O)N[C@H](C(=O)O)C(C)CC)C(N[C@@H](CC(N)=O)C(=O)O)N[C@@H](Cc1ccccc1)C(=O)O)N[C@@H](CC(C)C)C(N[C@@H](CCSC)C(N[C@@H](C)C(=O)O)N[C@@H](CC(N)=O)C(=O)O)N[C@@H](CC(N)N[C@@H](C)C(=O)O)C(N[C@@H](Cc1cnc[nH]1)C(=O)O)N[C@@H](CC(C)C)C(=O)O)C(N[C@@H](C)C(=O)O)N[C@@H](C)C(=O)O,SMILES,1,not_from_reference_csv
C[C@H](Nc1ccc(C[C@H](N)C(N[C@@H](Cc2cnc[nH]2)C(=O)O)N[C@@H](CS)C(O)N[C@@H](Cc2ccccc2)C(=O)O)cc1)C(N[C@@H](CS)C(=O)O)N[C@@H](Cc1ccccc1)C(=O)O,SMILES,1,not_from_reference_csv
CCC(C)[C@H](NC(N[C@@H](Cc1ccc(N[C@@H](CC(C)C)C(=O)O)cc1)C(=O)O)[C@@H](N)CC(N[C@@H](C(C)C)C(N[C@@H](Cc1ccccc1)C(=O)O)N[C@@H](Cc1cnc[nH]1)C(=O)O)N[C@@H](CCCNC(=N)N)C(N[C@@H](Cc1cnc[nH]1)C(=O)O)N1CCC[C@H]1C(=O)O)C(=O)O,SMILES,1,not_from_reference_csv
CC(C)[C@H](Nc1ccc(C[C@H](NC(N[C@@H](CS)C(N[C@@H](CCCCN)C(=O)O)N[C@@H](Cc2c[nH]c3ccccc23)C(N[C@@H](CC(N)=O)C(=O)O)N[C@@H](Cc2cnc[nH]2)C(=O)O)[C@@H](N)Cc2ccccc2)C(N[C@@H](CS)C(=O)O)N[C@@H](Cc2c[nH]c3ccccc23)C(=O)O)cc1)C(=O)O,SMILES,1,not_from_reference_csv
CCC(C)[C@H](NC(N[C@@H](Cc1ccc(O)cc1)C(=O)O)[C@H](Cc1ccccc1)NC(NCC(N[C@@H](CC(C)C)C(N[C@@H](CCCNC(=N)N)C(=O)O)N[C@@H](CCCNC(=N)N)C(=O)O)N1CCC[C@H]1C(N[C@@H](C)C(=O)O)N1CCC[C@H]1C(=O)O)[C@@H](N)Cc1ccccc1)C(O)N[C@@H](CO)C(=O)O,SMILES,0,not_from_reference_csv
CC(C)C[C@H](NC(N[C@@H](Cc1ccc(O)cc1)C(=O)O)[C@@H](NC(NCC(N[C@@H](C(C)C)C(N[C@@H](CO)C(=O)O)N[C@@H](CCCCN)C(=O)O)N[C@@H](CNCC(=O)O)C(N[C@@H](C)C(=O)O)N[C@@H](CCCNC(=N)N)C(=O)O)[C@H](C)NC(N[C@@H](CC(N[C@@H](C(C)N[C@@H](C)C(=O)O)C(N[C@@H](C)C(=O)O)N[C@@H](CCCCN)C(=O)O)N[C@@H](Cc1ccc(N[C@@H](CCC(N)=O)C(=O)O)cc1)C(N[C@@H](CCC(N)=O)C(=O)O)N[C@@H](CC(=O)O)C(=O)O)C(N[C@@H](C(C)C)C(N[C@@H](CC(=O)O)C(=O)O)N[C@@H](Cc1ccccc1)C(=O)O)N[C@@H](CC(N[C@@H](CO)C(=O)O)N[C@H](C(=O)O)C(C)C)C(N[C@@H](Cc1c[nH]c2ccccc12)C(=O)O)N[C@@H](CC(C)C)C(=O)O)[C@@H](N)Cc1cnc[nH]1)C(C)N[C@H](C(=O)O)C(C)O)C(=O)O,SMILES,1,not_from_reference_csv
CC(C)C[C@H](NC(N)C[C@H](NC(N[C@@H](Cc1ccc(N[C@@H](Cc2cnc[nH]2)C(=O)O)cc1)C(NCC(=O)O)N[C@@H](CC(N)=O)C(=O)O)[C@@H](N)C(C)NCC(N[C@@H](C)C(=O)O)N[C@@H](CCCCN)C(O)N[C@@H](CS)C(=O)O)C(N[C@@H](Cc1cnc[nH]1)C(=O)O)N1CCC[C@H]1C(=O)O)C(=O)O,SMILES,1,not_from_reference_csv
CC(N[C@@H](Cc1ccc(O)cc1)C(=O)O)[C@H](NC(N)CC[C@H](N)C(N[C@@H](Cc1ccccc1)C(NCC(=O)O)N[C@@H](Cc1c[nH]c2ccccc12)C(=O)O)N[C@@H](Cc1cnc[nH]1)C(N[C@@H](CC(N)=O)C(=O)O)N[C@H](C(=O)O)C(C)O)C(N[C@@H](CO)C(=O)O)N[C@@H](CCC(N)=O)C(=O)O,SMILES,0,not_from_reference_csv
CCC(C)[C@H](NC(CNC(N[C@@H](Cc1ccccc1)C(N[C@@H](CCCNC(=N)N)C(=O)O)N1CCC[C@H]1C(=O)O)[C@@H](N)Cc1ccc(NCC(N[C@@H](CCCNC(=N)N)C(O)N[C@@H](CCCCN)C(=O)O)N[C@@H](CC(C)C)C(N[C@@H](CCCCN)C(=O)O)N[C@@H](CC(C)C)C(=O)O)cc1)N[C@@H](CCCNC(=N)N)C(=O)O)C(=O)O,SMILES,0,not_from_reference_csv
CCC(C)[C@H](NC(CN)NCC(N[C@@H](CC(C)C)C(NCC(=O)O)N[C@@H](Cc1ccccc1)C(=O)O)N[C@@H](Cc1cnc[nH]1)C(N[C@@H](C)C(=O)O)N[C@@H](CCCCN)C(=O)O)C(N[C@@H](CCCCN)C(N[C@@H](C)C(N[C@@H](CCC(=O)O)C(=O)O)N[C@H](C(=O)O)C(C)CC)N[C@@H](CN[C@@H](Cc1ccccc1)C(=O)O)C(NCC(=O)O)N[C@H](C(=O)O)C(C)C)N[C@@H](Cc1ccccc1)C(N[C@@H](CCCCN)C(O)N[C@@H](CO)C(=O)O)N[C@@H](CCCCN)C(N[C@@H](CCSC)C(=O)O)N[C@@H](CC(N)=O)C(=O)O,SMILES,0,not_from_reference_csv
CC(C)C[C@H](NC(N[C@@H](CN[C@@H](CN[C@@H](Cc1ccc(O)cc1)C(=O)O)C(N[C@@H](CS)C(=O)O)N[C@@H](CC(N)=O)C(=O)O)C(N[C@@H](CS)C(N[C@@H](CS)C(=O)O)N[C@@H](CCCNC(=N)N)C(=O)O)N[C@@H](CN[C@@H](CO)C(=O)O)C(N[C@@H](CS)C(=O)O)N[C@@H](CC(N)=O)C(=O)O)[C@@H](N)CS)C(NCC(N[C@@H](Cc1ccc(N2CCC[C@H]2C(=O)O)cc1)C(N[C@@H](CO)C(=O)O)N[C@@H](Cc1ccc(O)cc1)C(=O)O)N[C@@H](Cc1cnc[nH]1)C(N[C@@H](Cc1ccc(O)cc1)C(=O)O)N[C@@H](Cc1cnc[nH]1)C(=O)O)N[C@@H](CN1CCC[C@H]1C(N[C@@H](CCCCN)C(=O)O)N[C@@H](CCCNC(=N)N)C(=O)O)C(N[C@@H](C(C)N[C@@H](CS)C(=O)O)C(O)N[C@@H](CCCNC(=N)N)C(=O)O)N[C@@H](CO)C(=O)O,SMILES,1,not_from_reference_csv
CC(C)[C@H](NC(N)CC[C@H](N)C(N[C@@H](Cc1cnc[nH]1)C(=O)O)N[C@@H](Cc1cnc[nH]1)C(=O)O)C(N[C@@H](CCCCN)C(=O)O)N[C@@H](CCC(N)=O)C(=O)O,SMILES,0,not_from_reference_csv
CC(C)[C@H](NC(CC[C@H](NC(N)C[C@H](N)C(N[C@@H](CCC(O)N1CCC[C@H]1C(=O)O)C(=O)O)N[C@@H](CCC(N[C@@H](CCC(N)=O)C(=O)O)N1CCC[C@H]1C(=O)O)C(N[C@@H](CC(=O)O)C(=O)O)N[C@H](C(=O)O)C(C)C)C(N[C@@H](CCCCN)C(=O)O)N[C@@H](Cc1c[nH]c2ccccc12)C(=O)O)N[C@@H](CCCCN)C(=O)O)C(=O)O,SMILES,0,not_from_reference_csv
CCC(C)[C@H](NC(N[C@@H](Cc1ccc(O)cc1)C(=O)O)[C@H](CC(N[C@@H](CCCNC(=N)N)C(=O)O)N[C@@H](CCCNC(=N)N)C(=O)O)NC(N[C@@H](CC(N)N[C@@H](CC(N)=O)C(=O)O)C(N[C@@H](CCSC)C(=O)O)N[C@@H](CC(C)C)C(=O)O)[C@H](CCC(NCC(N[C@@H](CCC(=O)O)C(=O)O)N[C@@H](CC(C)C)C(=O)O)N1CCC[C@H]1C(N[C@@H](C)C(=O)O)N[C@@H](C)C(=O)O)NC([C@@H]1CCCN1C(N[C@@H](CC(C)C)C(N[C@@H](CCC(N[C@@H](CCC(=O)O)C(=O)O)N1CCC[C@H]1C(=O)O)C(N[C@@H](CCSC)C(=O)O)N[C@@H](CCC(N)=O)C(=O)O)N[C@@H](Cc1ccc(N[C@@H](C)C(=O)O)cc1)C(N[C@@H](CCC(N)=O)C(=O)O)N[C@@H](Cc1ccc(O)cc1)C(=O)O)[C@H](C)N)N1CCC[C@H]1C(N[C@H](C(N[C@@H](CCCNC(=N)N)C(=O)O)N[C@@H](Cc1ccc(O)cc1)C(=O)O)C(C)N1CCC[C@H]1C(=O)O)N[C@@H](C)C(N[C@@H](CCCNC(=N)N)C(=O)O)N[C@H](C(=O)O)C(C)O)C(=O)O,SMILES,1,not_from_reference_csv
CCC(C)[C@H](NC(N[C@@H](CC(C)C)C(N[C@@H](CC(C)C)C(N[C@@H](CO)C(=O)O)N[C@@H](CCC(=O)O)C(=O)O)N[C@@H](CCSC)C(N[C@@H](CCC(N)=O)C(=O)O)N1CCC[C@H]1C(=O)O)[C@H](Cc1ccccc1)NC(CN)N[C@@H](CC(C)C)C(N[C@@H](C(C)N[C@@H](C)C(N[C@@H](Cc1ccccc1)C(=O)O)N[C@@H](CC(C)C)C(=O)O)C(NCC(NCC(=O)O)N[C@@H](CO)C(=O)O)N[C@@H](CCCCN)C(NCC(=O)O)N[C@@H](CCC(N)=O)C(=O)O)N[C@@H](CCCCN)C(NCC(N[C@@H](CCCCN)C(=O)O)N[C@@H](CCC(=O)O)C(=O)O)N[C@@H](CCCCN)C(N[C@@H](C)C(=O)O)N[C@H](C(=O)O)C(C)C)C(NCC(=O)O)N[C@@H](Cc1cnc[nH]1)C(=O)O,SMILES,0,not_from_reference_csv
CCC(C)[C@H](NC(N[C@@H](CO)C(=O)O)[C@H](CN[C@@H](CCC(=O)O)C(=O)O)NC(N[C@@H](CC(N)NCC(=O)O)C(O)N[C@@H](Cc1ccccc1)C(=O)O)[C@@H](N)CN[C@@H](C(C)C)C(N[C@H](C(=O)O)C(C)CC)N1CCC[C@H]1C(=O)O)C(=O)O,SMILES,0,not_from_reference_csv
CCC(C)[C@H](NC(NCC(N[C@@H](CO)C(=O)O)N[C@@H](CC(N)N[C@@H](Cc1c[nH]c2ccccc12)C(=O)O)C(=O)O)[C@@H]1CCCN1)C(N[C@@H](CN[C@@H](CCC(=O)O)C(=O)O)C(N[C@@H](CCCCN)C(=O)O)N[C@H](C(=O)O)C(C)O)N[C@@H](CCC(N[C@@H](CCSC)C(=O)O)N[C@H](C(=O)O)C(C)O)C(N[C@@H](CC(C)C)C(=O)O)N1CCC[C@H]1C(=O)O,SMILES,1,not_from_reference_csv
CC(C)[C@H](Nc1ccc(C[C@H](NC(N[C@@H](CS)C(N[C@@H](CCCCN)C(=O)O)N[C@@H](Cc2c[nH]c3ccccc23)C(=O)O)[C@@H](N)Cc2ccccc2)C(N[C@@H](CS)C(=O)O)N[C@H](C(=O)O)C(C)O)cc1)C(=O)O,SMILES,1,not_from_reference_csv
CC(C)[C@H](Nc1ccc(C[C@H](NC(N[C@@H](CS)C(N[C@@H](CCCCN)C(=O)O)N[C@@H](Cc2c[nH]c3ccccc23)C(=O)O)[C@@H](N)Cc2ccccc2)C(N[C@@H](CS)C(=O)O)N[C@@H](Cc2c[nH]c3ccccc23)C(=O)O)cc1)C(=O)O,SMILES,1,not_from_reference_csv
CC(C)C[C@H](NC(N[C@@H](CCC(O)N1CCC[C@H]1C(=O)O)C(=O)O)[C@H](CC(C)C)NC(N[C@@H](CCC(N1CCC[C@H]1C(N[C@H](C(=O)O)C(C)C)N1CCC[C@H]1C(=O)O)N1CCC[C@H]1C(N1CCC[C@H]1C(=O)O)N1CCC[C@H]1C(=O)O)C(N[C@@H](C(C)C)C(N1CCC[C@H]1C(=O)O)N1CCC[C@H]1C(=O)O)N1CCC[C@H]1C(N[C@@H](CCC(=O)O)C(=O)O)N[C@@H](CC(C)C)C(=O)O)[C@@H](N)C(C)C)C(=O)O,SMILES,1,not_from_reference_csv
CSCC[C@H](NC(C[C@H](NC(N[C@@H](CC(=O)O)C(=O)O)[C@@H](N)CCC(N)N[C@@H](CN[C@@H](Cc1ccc(O)cc1)C(=O)O)C(NCC(=O)O)N[C@@H](Cc1cnc[nH]1)C(=O)O)C(O)N[C@@H](Cc1ccccc1)C(=O)O)N[C@@H](CCCNC(=N)N)C(=O)O)C(=O)O,SMILES,0,not_from_reference_csv
CCC(C)[C@H](NC([C@H](CC(C)C)NC(N[C@@H](CS)C(N[C@@H](Cc1ccc(O)cc1)C(=O)O)N[C@H](C(=O)O)C(C)CC)[C@@H](N)CCCNC(=N)N)N1CCC[C@H]1C(O)N[C@@H](CS)C(=O)O)C(N[C@H](C(=O)O)C(C)CC)N1CCC[C@H]1C(=O)O,SMILES,0,not_from_reference_csv
CCC(C)[C@H](N)C(N[C@@H](CCCCN)C(N[C@@H](C)C(N[C@@H](CCC(=O)O)C(=O)O)N1CCC[C@H]1C(=O)O)N[C@@H](CCC(N[C@@H](CCC(N[C@@H](CCCNC(=N)N)C(=O)O)N[C@@H](Cc1cnc[nH]1)C(=O)O)C(N[C@@H](Cc1ccc(O)cc1)C(=O)O)N[C@@H](CC(C)C)C(=O)O)N[C@@H](CC(N[C@@H](CC(N)=O)C(=O)O)N[C@@H](CC(C)C)C(=O)O)C(N[C@H](C(=O)O)C(C)C)N[C@H](C(=O)O)C(C)O)C(N[C@@H](C)C(N[C@@H](CCCNC(=N)N)C(=O)O)N[C@@H](CCC(N)=O)C(=O)O)N[C@@H](CN[C@@H](CCCNC(=N)N)C(=O)O)C(O)N[C@@H](Cc1ccc(O)cc1)C(=O)O)N1CCC[C@H]1C(NCC(N[C@@H](CO)C(=O)O)N[C@@H](CC(C)C)C(=O)O)N1CCC[C@H]1C(N[C@@H](C)C(=O)O)N[C@@H](CCC(=O)O)C(=O)O,SMILES,1,not_from_reference_csv
