SMILES,type,label
CCC(C)[C@H](NC(N[C@@H](CCCNC(=N)N)C(N[C@@H](CCCCN)C(=O)O)N[C@@H](CCCCN)C(=O)O)[C@H](CCCCN)NC(N[C@@H](CCCNC(=N)N)C(N[C@@H](CC(C)C)C(N[C@@H](CCCNC(=N)N)C(=O)O)N[C@@H](CCCNC(=N)N)C(=O)O)N[C@H](C(=O)O)C(C)C)[C@@H](N)CCCNC(=N)N)C(N[C@@H](CCCCN)C(=O)O)N[C@H](C(=O)O)C(C)O,SMILES,0
CCC(C)C1OC2(CCC1C)CC1CC(CC=C(C)C(OC3CC(OC)C(OC4CC(OC)C(O)C(C)O4)C(C)O3)C(C)C=CC=C3COC4C(O)C(C)=CC(C(=O)O1)C34O)O2,SMILES,0
CN(N=O)C(=O)NC1C(O)OC(CO)C(O)C1O,SMILES,0
NC(=O)C[C@H](NC(CC[C@H](Nc1ccc(C[C@H](NC([C@@H](N)Cc2ccccc2)N2CCC[C@H]2C(N[C@@H](Cc2ccccc2)C(=O)O)N2CCC[C@H]2C(=O)O)C(NCC(=O)O)N[C@@H](CC(N)=O)C(=O)O)cc1)C(=O)O)N[C@@H](CCC(=O)O)C(=O)O)C(=O)O,SMILES,1
CC12CC(=O)[C@H]3[C@@H](CC[C@H]4C[C@@H](O)CCC43C)[C@@H]1CC[C@@H]2C(=O)CO,SMILES,1
CCCN1C[C@H](CSC)C[C@@H]2c3cccc4[nH]cc(c34)C[C@H]21,SMILES,1
CSCC[C@H](NC(N[C@@H](CC(N[C@@H](Cc1ccc(O)cc1)C(=O)O)N[C@H](C(=O)O)C(C)C)C(N[C@@H](C)C(=O)O)N[C@@H](Cc1ccccc1)C(=O)O)[C@@H](N)CCC(N[C@@H](Cc1ccc(N[C@@H](Cc2ccc(O)cc2)C(=O)O)cc1)C(N[C@@H](CCC(=O)O)C(=O)O)N[C@H](C(=O)O)C(C)O)N[C@@H](CC(N[C@@H](CCCCN)C(=O)O)N[C@@H](CCCNC(=N)N)C(=O)O)C(N[C@@H](CCCCN)C(=O)O)N1CCC[C@H]1C(=O)O)C(NCC(=O)O)N[C@@H](CC(C)C)C(=O)O,SMILES,0
CC1CCN(CCC2CCN2S(=O)(=O)C2=CC(O)=CCC2)CC1,SMILES,1
C=C1C[C@H]2[C@@H]3CCC4=CC(=O)C=CC4(C)C3(F)[C@@H](O)CC2(C)C1(O)C(=O)CO,SMILES,1
CCC(C)[C@H](NC(N[C@@H](CS)C(N[C@H](C(=O)O)C(C)CC)N1CCC[C@H]1C(=O)O)[C@@H](N)CCCNC(=N)N)C(N[C@@H](C(C)N[C@@H](Cc1ccccc1)C(=O)O)C(N[C@@H](CCSC)C(=O)O)N1CCC[C@H]1C(=O)O)N1CCC[C@H]1C(N[C@@H](CS)C(=O)O)N[C@@H](Cc1ccc(O)cc1)C(=O)O,SMILES,0
OC1COC(O)C(O)C1O,SMILES,0
C=CC[C@H](C(=O)NC(N)=O)C(C)C,SMILES,1
CCC[C@H](CC)C1(CC)C(=O)NC(=S)NC1=O,SMILES,1
Oc1ccccc1C(O)O,SMILES,0
Oc1ccc2c3c1O[C@@H]1[C@@H](O)C=C[C@@H]4C(C2)NCCC341,SMILES,1
c1csc(Cc2ccccc2OC[C@@H]2CNCCO2)c1,SMILES,1
COC1(NC(=O)[C@@H](C(=O)O)c2ccc(O)cc2)C(=O)N2C(C(=O)O)=C(CSc3nnnn3C)CO[C@H]21,SMILES,0
C[C@H](NC(N)C[C@H](NC(N[C@@H](CCC(N[C@@H](CCC(=O)O)C(=O)O)N1CCC[C@H]1C(=O)O)C(N[C@@H](CC(N)=O)C(=O)O)N[C@@H](Cc1ccccc1)C(=O)O)[C@@H](N)Cc1ccc(N2CCC[C@H]2C(NCC(=O)O)N[C@@H](Cc2ccccc2)C(=O)O)cc1)C(=O)O)C(=O)O,SMILES,1
OCCN1CC(O)C(O)C(O)C1CO,SMILES,0
CC12COC(=O)C[C@@H]1CC[C@H]1[C@@H]2CCC2(C)[C@H]1CCC2(C)O,SMILES,0
CCC(=O)O[C@@]1(c2ccccc2)CCN(C)C[C@@H]1C,SMILES,1
CCCCCON=O,SMILES,0
CN(C)S(=O)(=O)c1ccc(-c2ccc3cc(O)ccc3c2Oc2ccc(OCCN3CCCCC3)cc2)cc1,SMILES,1
CC[C@H](C)C(=O)O[C@H]1C[C@H](O)C=C2C=C[C@H](C)[C@H](CC[C@@H](O)C[C@@H](O)CC(=O)O)[C@H]21,SMILES,0
O=P(O)(O)C(Sc1ccc(Cl)cc1)P(=O)(O)O,SMILES,0
C[C@]12CC[C@@H]3c4ccc(OC(=O)N(CCCl)CCCl)cc4CC[C@H]3[C@@H]1CC[C@@H]2O,SMILES,0
CC1(C)S[C@H]2C(N3C(=O)[C@H](c4ccc(O)cc4)NC3(C)C)C(=O)N2[C@H]1C(=O)O,SMILES,0
CO/N=C(\C(=O)N[C@@H]1C(=O)N2C(C(=O)O)=C(COC(C)=O)CS(=O)[C@H]12)c1csc(N)n1,SMILES,0
CCC(OC(N)=O)C1CCCCC1,SMILES,1
C#C[C@@]1(O)CC[C@@H]2[C@@H]3CCC4=CC(=O)CC[C@@H]4[C@@H]3CC[C@@]21C,SMILES,1
CCc1cccc2cc(C(O)CNC(C)(C)C)oc12,SMILES,0
CC(C)(C)NC(=O)NC(C(=O)N1CC2C(C1C(=O)NC(CC1CCC1)C(=O)C(N)=O)C2(C)C)C(C)(C)C,SMILES,0
CCCCC1CC(=O)C2(O)OC3C(NC)C(O)C(NC)C(O)C3OC2O1,SMILES,0
CC[C@@H](CO)NC(=O)[C@@H]1C=C2c3cccc4[nH]cc(c34)C[C@H]2N(C)C1,SMILES,0
CN(C(=O)Cc1cccc2sccc12)C1CCCCC1N1CCCC1,SMILES,1
Cc1c(C)c2c(c(C)c1O)CC[C@@](C)(CCC[C@H](C)CCC[C@H](C)CCCC(C)C)O2,SMILES,1
Fc1cccc(Br)c1NC1=NCCN1,SMILES,1
C[NH+]1CC[NH+](CCCN2c3ccccc3Sc3ccc(C(F)(F)F)cc32)CC1,SMILES,1
CCC(C)[C@H](NC[C@H](NC(N)C[C@H](N)C(N[C@@H](CCC(N)N[C@@H](CCC(N)=O)C(=O)O)C(N[C@@H](CCCNC(=N)N)C(=O)O)N[C@@H](CC(N)=O)C(=O)O)N[C@@H](CCCNC(=N)N)C(N[C@@H](Cc1ccccc1)C(O)N[C@@H](CO)C(=O)O)N[C@@H](Cc1c[nH]c2ccccc12)C(NCC(=O)O)N[C@@H](CO)C(=O)O)C(N[C@@H](C(C)CC)C(N[C@@H](CCCCN)C(=O)O)N[C@@H](CCCCN)C(=O)O)N[C@@H](CCCCN)C(N[C@@H](CCCCN)C(=O)O)N[C@@H](Cc1c[nH]c2ccccc12)C(=O)O)C(N[C@@H](CCCNC(=N)N)C(=O)O)N[C@@H](CCSC)C(=O)O,SMILES,1
CC[C@H]1OC(=O)[C@H](C)[C@@H](O[C@H]2C[C@@](C)(OC)[C@@H](O)[C@H](C)O2)[C@H](C)[C@@H](O[C@H]2O[C@@H](C)C[C@@H](N(C)C)[C@@H]2O)[C@](C)(O)C[C@@H](C)C(=O)[C@H](C)[C@@H](O)[C@]1(C)O,SMILES,0
N=C(N)NCCC[C@H](NC(N[C@@H](CCC(=O)O)C(=O)O)[C@@H]1CCCN1C(N[C@@H](Cc1c[nH]c2ccccc12)C(O)N[C@@H](CCC(=O)O)C(=O)O)[C@@H](N)CCCCN)C(=O)O,SMILES,0
CCCN(CCC)[C@H]1Cc2cccc3cc(O)cc(c23)C1,SMILES,1
CC(C)C[C@H](NC(O)[C@@H]1CCCN1C(N[C@@H](Cc1ccc(O)cc1)C(=O)O)[C@@H]1CCCN1C(N[C@@H](CCC(N)N[C@@H](C)C(=O)O)C(NCC(=O)O)N[C@@H](Cc1ccccc1)C(=O)O)[C@H](C)N)C(=O)O,SMILES,0
CCN(CC)/C(C)=N\N=C\c1c2c(O)c3c(O)c(C)c4c(c3c1O)C(=O)C(C)(O/C=C/[C@H](OC)C(C)[C@@H](OC(C)=O)C(C)C(O)[C@@H](C)[C@@H](O)[C@@H](C)/C=C\C=C(\C)C(=O)N2)O4,SMILES,0
C[C@H]1C[C@@H]2[C@@H]([C@@H](O)C[C@@]3(C)[C@@H]2CC[C@@]3(O)C(=O)CO)[C@@]2(C)C=CC(=O)C=C12,SMILES,1
Cc1nccn1CC1CCc2c(c3ccccc3n2C)C1=O,SMILES,1
CN(C)[C@@H]1C(=O)/C(=C(\N)O)C(=O)[C@@]2(O)C(=O)C3=C(O)c4c(O)ccc(Cl)c4[C@@](C)(O)[C@H]3C[C@@H]12.[H+],SMILES,0
C[C@@]12CCC(=O)C=C1CC[C@H]1[C@H]2[C@@H]2C[C@@]3([C@@H](C(=O)CO)CC[C@H]13)[C@@H](O)O2,SMILES,0
C[C@@H](O)c1cc2n(n1)CCN(C(=O)CC1=C(c3ccccc3)CCC1=O)C2,SMILES,1
COc1cc2nc(N(C)CCCNC(=O)C3CCCO3)nc(N)c2cc1OC,SMILES,0
CCC[C@@H](C)C1(CC)C(=O)NC(=O)NC1=O,SMILES,1
CCNc1cccnc1N1CCN(C(=O)c2cc3cc(OC)ccc3[nH]2)CC1,SMILES,1
CO/N=C(/C(=O)N[C@H]1C(=O)N2C(C(=O)O)=C(C)CS[C@@H]12)c1csc(N)n1,SMILES,0
CC(C)(C)NC[C@H](O)COc1cccc2c1CCCC2=O,SMILES,1
CN1c2ccccc2C(c2ccccc2F)=NCC1CNC(=O)c1ccsc1,SMILES,1
Cc1onc(-c2ccccc2)c1C(=O)N[C@H]1C(=O)N2[C@H]1SC(C)(C)[C@H]2C(=O)O,SMILES,0
CN(C)CCCn1cc(-c2ccccc2)c(-c2ccccc2)n1,SMILES,1
NC(C(=O)NC1C(=O)N2C(C(=O)O)=C(CSc3c[nH]nn3)CSC12)c1ccc(O)cc1,SMILES,0
C[C@H]1C[C@@H]2[C@H]3CCC4=CC(=O)C=C[C@@]4(C)[C@]3(F)C(=O)C[C@]2(C)[C@@]1(O)C(=O)CCl,SMILES,1
Cc1nnc2sc(C(=O)NCc3ccc(S(C)(=O)=O)cc3)c(N)c2c1C,SMILES,0
CCC(C)[C@H](NC(N[C@@H](CO)C(=O)O)[C@H](C)NC(N)C[C@H](N)C(N[C@H](C(=O)O)C(C)C)N1CCC[C@H]1C(N[C@@H](CCC(N)=O)C(=O)O)N1CCC[C@H]1C(=O)O)C(=O)O,SMILES,1
CSCC[C@H](NC(N[C@@H](CCCNC(=N)N)C(=O)O)[C@H](CC(N)N[C@@H](Cc1ccccc1)C(=O)O)NC([C@@H](N)CCCCN)N1CCC[C@H]1C(N[C@@H](CCC(N)N[C@@H](Cc1ccccc1)C(=O)O)C(=O)O)N[C@@H](CC(=O)O)C(=O)O)C(=O)O,SMILES,0
CC(=O)N1CCN(C(=O)Cc2ccccc2)C(CN2CCC(O)C2)C1,SMILES,0
NC(=O)OC[C@@H]1[C@H](NC(=O)/C(=N/OCC(=O)O)c2csc(N)n2)C(=O)N1S(=O)(=O)O,SMILES,0
COC(=O)NC(C(=O)NC(Cc1ccccc1)C(O)CN(Cc1ccc(-c2ccccn2)cc1)NC(=O)C(NC(=O)OC)C(C)(C)C)C(C)(C)C,SMILES,0
C/C=C/[C@@H]1O[C@@]2(C(=O)COC(=O)c3ccncc3)CC[C@@]3(O1)[C@@H]1CCC4=CC(=O)CC[C@@]4(C)[C@H]1[C@@H](O)C[C@]23C,SMILES,1
OCC(S)CS,SMILES,0
CN1CC2Cc3ccc(Cl)cc3C(c3ccccc3)C2C1,SMILES,1
Cc1ccc(/C(=C\CN2CCCC2)c2cccc(/C=C/C(=O)O)n2)cc1,SMILES,0
CCCN(CC)[C@@H](CC)C(=O)Nc1c(C)cccc1C,SMILES,1
CC(C)c1nnc(N2CCn3nc([C@@H](O)c4nccn4C)cc3C2)s1,SMILES,0
CNCC[C@H](Oc1ccc(C(F)(F)F)cc1)c1ccccc1,SMILES,1
O=C(Cc1ccc(Cl)c(Cl)c1)N1CCc2ccccc2[C@H]1CN1CCCC1,SMILES,1
CCCn1c(=O)c2[nH]c(C3CCC(=O)C3)nc2n(CCC)c1=O,SMILES,0
CC1N=C(N)Nc2cccc(Cl)c21,SMILES,1
C[C@@H]1C[C@H]2[C@H]3[C@H]([C@@H](O)C[C@]2(C)[C@@]1(O)C(=O)CO)[C@@]1(C)C=CC(=O)C=C1C[C@H]3Cl,SMILES,1
CCN(CC)C(C)=N/N=C/c1c2c(O)c3c(O)c(C)c4c(c3c1O)C(=O)[C@@](C)(OC=C[C@@H](OC)[C@H](C)[C@@H](OC(C)=O)[C@H](C)[C@H](O)[C@H](C)[C@H](O)[C@H](C)C=C/C=C(/C)C(=O)N2)O4,SMILES,0
CN1[C@H]2CC[C@H]1CC(OC(=O)[C@H](CO)c1ccccc1)C2,SMILES,1
O=C1CN2CCO[C@@]2(c2ccccc2Cl)c2cc(Cl)ccc2N1,SMILES,1
CC(N)C(=O)c1ccccc1,SMILES,1
CC[C@@H](C)[C@H](NC(=O)[C@H](CCC(=O)O)NC(=O)[C@H](CC(C)C)NC(=O)[C@@H]1CSC([C@H](N)[C@H](C)CC)=N1)C(=O)NCCCC[C@@H]1NC(=O)[C@H](CC(N)=O)NC(=O)[C@H](CC(=O)O)NC(=O)[C@H](Cc2c[nH]cn2)NC(=O)[C@H](Cc2ccccc2)NC(=O)[C@@H]([C@H](C)CC)NC(=O)[C@H](CCCN)NC1=O,SMILES,0
CC1(C)C(NC/C(=N/OCC(=O)O)c2csc(N)n2)C(=O)N1OS(=O)(=O)O,SMILES,0
Cc1ccc(CC2=CN=C(NCCSCc3ccc(CN(C)C)o3)NC2)cn1,SMILES,0
C[C@]12CC(=O)[C@@H]3[C@@H](CCC4=CC(=O)CC[C@]43C)[C@H]1CC[C@@]2(O)C(=O)CO,SMILES,1
Cc1ccc(C(=O)NC[C@H]2CN=C(c3ccc(F)cc3)c3ccc(C)cc3N2C)cc1,SMILES,1
C#CC1(O)CCC2C3CCC4=CCCCC4C3C(=C)CC21CC,SMILES,0
CCCC(=O)c1ccc2c(c1)N(CCC[NH+]1CC[NH+](C)CC1)c1ccccc1S2,SMILES,1
CC(=O)S[C@H]1CC2=CC(=O)CCC2(C)[C@H]2CCC3(C)[C@@H](CCC34CCC(=O)O4)[C@@H]12,SMILES,0
CC[C@H]1CC(=O)[C@@H]2Oc3c(OC)ccc4c3[C@@]23CCN(CC2CC2)C(C4)[C@H]13,SMILES,1
NC(=O)C1C=CN(C[C@H]2CS[C@@H]3[C@@H](NC(=O)[C@H](c4ccccc4)S(=O)(=O)O)C(=O)N3[C@H]2C(=O)O)C=C1,SMILES,0
CNC(CC(C)C)C(=O)NC1C(=O)NC(CC(N)=O)C(=O)NC2C(=O)NC3C(=O)NC(C(=O)NC(C(=O)O)c4cc(O)cc(O)c4-c4cc3ccc4O)C(O)c3ccc(c(Cl)c3)Oc3cc2cc(c3OC2OC(CO)C(O)C(O)C2OC2CC(C)(N)C(O)C(C)O2)Oc2ccc(cc2Cl)C1O,SMILES,0
COc1ccc2c(c1OC)C(=O)O[C@@H]2[C@H]1c2c(cc3c(c2OC)OCO3)CCN1C,SMILES,1
CN1CCC[C@H](CC2c3ccccc3Sc3ccccc32)C1,SMILES,1
COc1ccc(-c2cc(=O)c3c(O)cc(OC4OC(COC5OC(C)C(O)C(O)C5O)C(O)C(O)C4O)cc3o2)cc1O,SMILES,0
N[C@@H](C(=O)N[C@H]1C(=O)N2C(C(=O)O)=C(CSc3c[nH]nn3)CS[C@@H]12)c1ccc(O)cc1,SMILES,0
CC[C@H](OC(C)=O)C(C[C@@H](C)N(C)C)(c1ccccc1)c1ccccc1,SMILES,1
C[C@@]12C=CC(=O)[C@H]1C(=O)CC[C@H]1[C@H]2[C@@H](O)C[C@@]2(C)[C@H]1CC[C@]2(O)C(=O)CO,SMILES,1
CON=C(C(=O)NC1C(=O)N2C(C(=O)O)=C(COC(C)=O)C[S+]([O-])C12)c1csc(N)n1,SMILES,0
CCNCC(O)c1cccc(O)c1,SMILES,0
CC[C@H](NC(=O)c1cc([N+](=O)[O-])ccc1Cl)c1ccc(C)cc1C,SMILES,1
C[C@H](NC(NCC(=O)O)[C@H](CNCC(=O)O)NC([C@@H](N)Cc1cnc[nH]1)N1CCC[C@H]1C(=O)O)C(=O)O,SMILES,0
Cc1ccn(-c2cc(Cl)ccc2[C@@H](Oc2cc(-c3ccc(C[C@H](N)C(=O)O)cc3)nc(N)n2)C(F)(F)F)n1,SMILES,0
CN1CCc2cc(Cl)c(O)cc2[C@@H](c2cccc3c2OCC3)C1,SMILES,1
Oc1ccc2c(Oc3ccc(OCCN4CCCCC4)cc3)c(-c3ccc(F)c(F)c3)ccc2c1,SMILES,1
CC(N)C(=O)OC(C)(C)Cc1ccc(Cl)cc1,SMILES,1
COc1ccc(-n2nc(C)cc2C)cc1C[NH2+][C@@H]1CCC[NH2+][C@@H]1c1ccccc1,SMILES,1
CC(=O)OCC(=O)NCCCOc1cccc(CN2CCCCC2)c1,SMILES,0
CC(C)OC(=O)C(C)NP(=O)(OCC1OC(n2ccc(=O)[nH]c2=O)C(C)(F)C1O)Oc1ccccc1,SMILES,0
CC1CC2C3CC(F)C4=CC(=O)C=CC4(C)C3(Cl)C(O)CC2(C)C1C(=O)CO,SMILES,1
COc1ccc2c3c1O[C@H]1[C@H](O)CC[C@@]4(O)C(C2)N(C)CC[C@]314,SMILES,1
CC1(C)OC2CC3C4CCC5=CC(=O)C=CC5(C)C4(F)C(O)CC3(C)C2(C(=O)CO)O1,SMILES,1
CO[C@@H]1C[C@H](O[C@@H]2[C@H](C)[C@@H](O[C@@H]3O[C@H](C)C[C@@H](N(C)C)[C@@H]3O)[C@@H](C)C[C@@]3(CO3)C(=O)[C@@H](C)[C@@H](O)[C@H](C)[C@@H](C)OC(=O)[C@@H]2C)O[C@@H](C)[C@H]1O,SMILES,0
CCC[C@@H](O)Cl,SMILES,1
N=C1NC(=O)C(c2ccccc2)O1,SMILES,1
CN(C)[C@H]1C(O)=C(C(N)=O)C(=O)[C@@]2(O)C(O)=C3C(=O)c4c(O)cccc4[C@H](O)[C@@H]3C[C@H]12,SMILES,0
CCCC(=O)O[C@]1(C(=O)CCl)[C@@H](C)C[C@H]2[C@@H]3CCC4=CC(=O)C=C[C@]4(C)[C@@]3(F)C(=O)C[C@@]21C,SMILES,1
CO/N=C(/C(=O)N[C@@H]1C(=O)N2C(C(=O)O)=C(CN3C=CN4N=CC=C[C@@H]34)CS[C@H]12)c1nsc(N)n1,SMILES,0
CO/N=C(/C(=O)N[C@H]1C(=O)N2C(C(=O)OCOC(=O)C(C)(C)C)=CCS[C@H]12)c1csc(NC(=O)[C@@H](C)N)n1,SMILES,0
COc1ccc(CC[NH+](C)CCCC(C#N)(c2ccc(OC)c(OC)c2)C(C)C)cc1OC,SMILES,1
COCOC(=O)[C@@H]1N2C(=O)[C@H](N3C(=O)[C@@H](c4ccc(O)cc4)NC3(C)C)[C@@H]2SC1(C)C,SMILES,0
CC[C@H]1OC(=O)[C@H](C)[C@@H](O[C@H]2C[C@@](C)(OC)[C@@H](O)[C@H](C)O2)[C@H](C)[C@@H](O[C@@H]2O[C@H](C)C[C@H](N(C)C)[C@H]2O)[C@](C)(O)C[C@@H](C)/C(=N/OCOCCOC)[C@H](C)[C@@H](O)[C@]1(C)O,SMILES,0
CCCCN1CCCC[C@H]1C(=O)Nc1c(C)cccc1C,SMILES,1
NS(=O)(=O)c1ccc(N2C(=O)CC(c3ccccc3)C2=O)c(Cl)c1,SMILES,1
N[C@@H](CC(N[C@@H](CC(O)N[C@@H](CCC(=O)O)C(=O)O)C(=O)O)N[C@@H](CCC(N[C@@H](CCC(=O)O)C(=O)O)N[C@@H](CC(=O)O)C(=O)O)C(N[C@@H](CCC(=O)O)C(=O)O)N[C@@H](CC(=O)O)C(=O)O)C(N[C@@H](CCC(=O)O)C(=O)O)N[C@@H](CC(=O)O)C(=O)O,SMILES,1
COc1ccc2c(c1)CCC[C@]2(O)CNC(=O)C(=O)NCc1ccc2c(c1)OCO2,SMILES,0
CCc1c(O)c(=O)ccn1CCCCO,SMILES,0
CC(C)(C)NC[C@H](O)c1ccccc1F,SMILES,1
C/N=C(\NC#N)NCCSCc1csc(N=C(N)N)n1,SMILES,1
N[C@@H](CO)C(=O)NNCc1ccc(O)c(O)c1O,SMILES,0
CSCC[C@H](NC(O)[C@H](CCC(N)N[C@@H](Cc1ccccc1)C(=O)O)NC([C@@H](N)CCC(N)N[C@@H](C(C)N[C@@H](Cc1c[nH]c2ccccc12)C(=O)O)C(N[C@@H](C)C(=O)O)N[C@H](C(=O)O)C(C)O)N1CCC[C@H]1C(NCC(=O)O)N[C@@H](Cc1cnc[nH]1)C(=O)O)C(=O)O,SMILES,0
C=CCC1([C@H](C)CCC)C(=O)NC(=S)NC1=O,SMILES,1
CC(C)C[C@H]1C(=O)N2CCCC2[C@]2(O)O[C@](NC(=O)[C@@H]3C=C4c5cccc6[nH]c(Br)c(c56)C[C@H]4N(C)C3)(C(C)C)C(=O)N12,SMILES,0
CC[C@H]1OC(=O)[C@H](C)[C@@H](O[C@H]2C[C@@](C)(OC)[C@@H](O)[C@H](C)O2)[C@H](C)[C@@H](O[C@@H]2O[C@H](C)C[C@H](N(C)C)[C@H]2O)[C@](C)(O)C[C@@H](C)C(=O)[C@H](C)[C@@H](O)[C@H]1C,SMILES,0
CN1C[C@H](CSc2ccccn2)C=C2c3cccc4[nH]cc(c34)C[C@H]21,SMILES,1
Cc1c(C(C)C)c(=O)n(-c2ccccc2)n1C,SMILES,0
CC(C)C[C@H](NC(N[C@@H](C)C(=O)O)[C@H](C)NC(N[C@@H](CC(C)C)C(N[C@@H](Cc1cnc[nH]1)C(=O)O)N[C@@H](CC(C)C)C(=O)O)[C@H](C)NC(N[C@@H](CCCCN)C(N[C@@H](CC(C)C)C(N[C@@H](C)C(N[C@@H](C)C(=O)O)N[C@@H](CC(C)C)C(=O)O)N[C@@H](CC(C)C)C(N[C@@H](C)C(=O)O)N[C@@H](CC(C)C)C(=O)O)N[C@@H](CC(C)C)C(N[C@@H](Cc1cnc[nH]1)C(N[C@@H](C)C(=O)O)N[C@@H](CS)C(=O)O)N[C@@H](Cc1cnc[nH]1)C(N[C@@H](CCCCN)C(=O)O)N[C@@H](CCCCN)C(=O)O)[C@@H](N)CCCCN)C(=O)O,SMILES,1
CC(O)C1C(=O)N2C(C(=O)O)=C(F)SC12,SMILES,0
CC(=O)OCC(=O)[C@@]1(O)[C@H](C)C[C@H]2C3C[C@H](F)C4=CC(=O)C=C[C@]4(C)[C@H]3[C@@H](O)C[C@@]21C,SMILES,1
CCN(CC)C(=O)COc1cc2c(O)c3c(O)c(C)c4c(c13)C(=O)C(C)(OC=CC(OC)C(C)C(OC(C)=O)C(C)C(O)C(C)C(O)C(C)C=CC=C(C)C(=O)N2)O4,SMILES,0
CCCN(CCCCN1C(=O)CC2(CCCC2)CC1=O)C1COc2cccc(OC)c2C1.[H+],SMILES,1
O=C(C1CCCCC1)N1CC(=O)N2CCc3ccccc3[C@@H]2C1,SMILES,1
CN[C@H](C)CC1CCCCC1,SMILES,1
CC(=O)C1CCC2C3CCC4=CC(=O)CCC4(C)C3CCC12C,SMILES,1
CC1(C)S[C@@H]2[C@H](NC(=O)[C@@H](NS(=O)(=O)O)c3ccccc3)C(=O)N2[C@H]1C(=O)O,SMILES,0
CC(C)(C)NC[C@@H](O)COc1cccc2c1C[C@H](O)[C@@H](O)C2,SMILES,0
C[C@H](O)C1C(=O)N2C(C(=O)O)=C(SCC/N=C/N)C[C@@H]12,SMILES,0
COCC1=C(C(=O)O)N2C(=O)C(NC(=O)/C(=N\O)c3csc(N)n3)[C@@H]2SC1,SMILES,0
CC(C)C[C@H](NC(N)C[C@H](NC(N[C@@H](Cc1ccc(N[C@@H](Cc2cnc[nH]2)C(=O)O)cc1)C(NCC(=O)O)N[C@@H](CC(N)=O)C(=O)O)[C@@H](N)C(C)NCC(N[C@@H](C)C(=O)O)N[C@@H](CCCCN)C(O)N[C@@H](CS)C(=O)O)C(N[C@@H](Cc1cnc[nH]1)C(=O)O)N1CCC[C@H]1C(=O)O)C(=O)O,SMILES,1
NC[C@@H]1O[C@@H](O[C@@H]2[C@@H](O[C@@H]3OC(CO)[C@@H](O[C@@H]4O[C@@H](CN)[C@@H](O)[C@@H](O)[C@@H]4N)[C@@H]3O)[C@@H](O)[C@@H](N)C[C@@H]2N)[C@@H](N)[C@H](O)[C@@H]1O,SMILES,0
CC[C@H]1OC(=O)[C@H](C)[C@@H](O[C@H]2C[C@@](C)(OC)[C@@H](O)[C@H](C)O2)[C@H](C)[C@@H](O[C@@H]2O[C@H](C)C[C@H](N(C)C)[C@H]2O)[C@](C)(O)C[C@@H](C)[C@@H]2N[C@@H](COCCOC)O[C@H]([C@H]2C)[C@]1(C)O,SMILES,0
O=C1Nc2ccc(Cl)nc2C(c2ccccc2Cl)=N[C@@H]1O,SMILES,1
CC(=O)OCC(=O)C12OC(C)(C)OC1CC1C3CC(F)C4=CC(=O)C=CC4(C)C3C(O)CC12C,SMILES,1
CCCC(=O)N1CCCN(c2nc(N)c3cc(OC)c(OC)cc3n2)CC1,SMILES,0
CCN(CC)C(=O)COc1cc2c(O)c3c(O)c(C)c4c(c13)C(=O)[C@](C)(O/C=C/[C@@H](OC)[C@H](C)[C@@H](OC(C)=O)[C@H](C)[C@@H](O)[C@H](C)[C@H](O)[C@@H](C)/C=C\C=C(\C)C(=O)N2)O4,SMILES,0
Nc1nc(C(=CCC(=O)O)C(=O)N[C@H]2C(=O)N3C(C(=O)O)=CCS[C@@H]23)cs1,SMILES,0
Cc1ccc2c(-c3ccccc3)nc(=O)n(C(C)C)c2c1,SMILES,0
FC(F)(F)C(Cl)Br,SMILES,1
CCO[C@H]1C[C@]2(C)[C@H](CC[C@H]3[C@@H]2[C@H](N(C)C)C[C@]2(C)[C@@H]3CC[C@H]2C(C)=O)C[C@@H]1O,SMILES,1
Nc1nc(OC(C(F)(F)F)C(F)(F)F)ccc1[N+](=O)[O-],SMILES,0
OCC(O)C(O)C(O)C(O)CO,SMILES,0
CCCCC(=O)OC1(C(=O)CO)CCC2C3CCC4=CC(=O)C=CC4(C)C3C(O)CC21C,SMILES,1
C[C@@H]1C[C@H]2[C@@H]3C[C@H](F)C4=CC(=O)C=C[C@]4(C)[C@H]3[C@@H](O)C[C@@]2(C)[C@]1(O)C(=O)CO,SMILES,1
CCc1ccccc1,SMILES,1
CCC(C(N)=O)N1CCCC1=O,SMILES,1
CCC(C)[C@H](NC[C@H](NC(N[C@@H](CC(N)=O)C(=O)O)[C@H](CC(C)C)NC(CN)N[C@@H](C(C)C)C(NCC(=O)O)N[C@@H](CC(C)C)C(=O)O)C(=O)O)C(=O)O,SMILES,0
CCC(C)[C@H](NC([C@H](CC(C)C)NC(N[C@@H](CS)C(N[C@H](C(=O)O)C(C)C)N[C@H](C(=O)O)C(C)CC)[C@@H](N)CCCNC(=N)N)N1CCC[C@H]1C(O)N[C@@H](CS)C(=O)O)C(N[C@@H](Cc1ccccc1)C(=O)O)N1CCC[C@H]1C(=O)O,SMILES,0
O=C1CN(O)C(c2ccccc2)=c2cc(Cl)ccc2=N1,SMILES,1
CCC(C)[C@H](NC(N[C@@H](CO)C(=O)O)[C@H](CN[C@@H](CCC(=O)O)C(=O)O)NC(N[C@@H](CC(N)NCC(=O)O)C(O)N[C@@H](Cc1ccccc1)C(=O)O)[C@@H](N)CN[C@@H](C(C)C)C(N[C@H](C(=O)O)C(C)CC)N1CCC[C@H]1C(=O)O)C(=O)O,SMILES,0
C[C@H]1CCCC[C@@]1(c1cccs1)N1CCCCC1,SMILES,1
Cc1cc2cc3c(C)cc(=O)oc3c(C)c2o1,SMILES,0
CC1=CCCC1NC(=O)Nc1ccc(C#N)c(S(=O)(=O)C(C)(C)C)c1O,SMILES,0
CC(C)C[C@H](NC(N)CC[C@H](NC(CC[C@H](NC(N[C@@H](C(C)C)C(N[C@@H](CCC(=O)O)C(=O)O)N[C@@H](Cc1ccccc1)C(=O)O)[C@H](C)N)C(NCC(=O)O)N[C@@H](CCCCN)C(O)N[C@@H](CCCNC(=N)N)C(=O)O)N[C@@H](CC(NCC(=O)O)NCC(=O)O)C(NCC(=O)O)N[C@H](C(=O)O)C(C)C)C(N[C@@H](C)C(=O)O)N[C@@H](CCC(=O)O)C(=O)O)C(=O)O,SMILES,0
CN(C)[C@H]1C(O)=C(C(=O)NCNCCCC[C@H](N)C(=O)O)C(=O)[C@@]2(O)C(O)=C3C(=O)c4c(O)cccc4[C@@](C)(O)[C@H]3C[C@@H]12,SMILES,0
COc1ccc(-c2cc(=O)c3c(O)cc(O[C@@H]4O[C@@H](CO[C@H]5O[C@@H](C)[C@@H](O)[C@H](O)[C@@H]5O)[C@@H](O)[C@H](O)[C@@H]4O)cc3o2)cc1O,SMILES,0
CC[C@H](C)[C@@H](CC)C(=O)NC(N)=O,SMILES,1
CN(C)CCC1(C)OCCC2=C1c1ccccc1C2,SMILES,1
COc1ccccc1N1CCN(CCCCN2C(=O)C3C(=O)N(C(C)(C)C)C(=O)C(C2=O)C3(C)C)CC1,SMILES,1
CC(=O)CC(c1ccccc1)c1c(O)oc2ccccc2c1=O,SMILES,0
Cc1c(CCOC(=O)c2cc(=O)c3c(Cl)cc(Cl)cc3[nH]2)sc[n+]1C,SMILES,1
N#CCCN1C(=O)[C@H](O)N=C(c2ccccc2F)c2cc(Cl)ccc21,SMILES,1
CN(C)[C@@H]1C(=O)C(C(N)=O)=C(O)C2(O)C(=O)C3=C(O)c4c(O)cccc4C(C)(O)[C@@H]3[C@H](O)[C@H]12,SMILES,0
CC1C=CC=CC=CC=CC=CC=CC=CC(OC2OC(C)C(O)C(N)C2O)CC2OC(O)(CC(O)CC(O)C(O)CCC(O)CC(O)CC(=O)OC(C)C(C)C1O)CC(O)C2C(=O)O,SMILES,0
C#CC1(OC(N)=O)CCCCC1,SMILES,1
OC(CCN1CCCC1)(c1ccccc1)C1CCCCC1,SMILES,1
CCCCSc1ccc([C@H](SCCN(C)C)c2ccccc2)cc1,SMILES,1
C[N@H+]1CC[C@]23c4c5ccc(O)c4O[C@H]2[C@H](O)C=C[C@@H]3[C@H]1C5,SMILES,1
COc1ccc(C(=C(C#N)CCC(=O)O)c2ccc(OC)cc2)cc1,SMILES,0
CC[C@@]1(c2ccccc2)C(=O)NC(=O)N(C(=O)c2ccccc2)C1=O,SMILES,1
CN[C@@H](CC(C)C)C(=O)N[C@H]1C(=O)N[C@@H](CC(N)=O)C(=O)N[C@@H]2C(=O)N[C@H]3C(=O)N[C@H](C(=O)N[C@@H](C(=O)O)c4cc(O)cc(O)c4-c4cc3ccc4O)[C@@H](O)c3ccc(c(Cl)c3)Oc3cc2cc(c3O[C@@H]2O[C@H](CO)[C@@H](O)[C@H](O)[C@H]2O[C@@H]2C[C@@](C)(N)[C@@H](O)[C@H](C)O2)Oc2ccc(cc2Cl)[C@@H]1O,SMILES,0
CN1CCCN=C1COC(=O)C(O)(c1ccccc1)C1CCCCC1,SMILES,0
CCC(=O)OCC(=O)C12OC(C)(C)OC1CC1C3CC(F)C4=CC(=O)C=CC4(C)C3(F)C(O)CC12C,SMILES,1
CNCCC(Oc1ccccc1OC)c1ccccc1,SMILES,1
CCC(C)[C@H](NC(N[C@@H](Cc1ccccc1)C(N[C@@H](CCC(N)=O)C(=O)O)N[C@@H](CC(C)C)C(=O)O)[C@@H](NC([C@@H](N)Cc1ccccc1)N1CCC[C@H]1C(N[C@@H](C(C)N[C@@H](CCCCN)C(=O)O)C(N[C@@H](CCCNC(=N)N)C(=O)O)N[C@H](C(=O)O)C(C)CC)N[C@@H](Cc1cnc[nH]1)C(N[C@@H](CCCCN)C(=O)O)N[C@@H](CCC(=O)O)C(=O)O)C(C)C)C(N[C@@H](CCC(NCC(=O)O)N[C@@H](CCCCN)C(=O)O)C(O)N[C@@H](CCC(N)=O)C(=O)O)N[C@@H](CN[C@@H](CCC(=O)O)C(=O)O)C(N[C@@H](CCCNC(=N)N)C(=O)O)N[C@@H](CC(N)=O)C(=O)O,SMILES,0
N=C(N)NC[C@@H]1COC2(CCCCC2)O1,SMILES,1
[C-]#[N+]C(=Cc1ccc(O)cc1)C(=Cc1ccc(O)cc1)[N+]#[C-],SMILES,0
O=C(CCC[NH+]1CCC(O)(c2ccc(Cl)cc2)CC1)c1ccc(F)cc1,SMILES,1
N=C(N)NCCC[C@H](NC([C@H](Cc1ccccc1)NC(N[C@@H](Cc1ccc(N[C@@H](CCC(N)NCC(=O)O)C(=O)O)cc1)C(N[C@@H](CS)C(=O)O)N[C@@H](CC(N)=O)C(=O)O)[C@@H](N)CS)N1CCC[C@H]1C(=O)O)C(=O)O,SMILES,0
CCCCOc1ccc(C(=O)CCN2CCCCC2)cc1,SMILES,0
O=C1CC=[N+](C2CC(F)C(CO)O2)C(=O)N1,SMILES,1
O=C(O)[C@H]1CCN1C12CC3CC(CC(C3)C1)C2,SMILES,1
